#
# There is insufficient memory for the Java Runtime Environment to continue.
# Native memory allocation (malloc) failed to allocate 11973336 bytes. Error detail: Chunk::new
# Possible reasons:
#   The system is out of physical RAM or swap space
#   This process is running with CompressedOops enabled, and the Java Heap may be blocking the growth of the native heap
# Possible solutions:
#   Reduce memory load on the system
#   Increase physical memory or swap space
#   Check if swap backing store is full
#   Decrease Java heap size (-Xmx/-Xms)
#   Decrease number of Java threads
#   Decrease Java thread stack sizes (-Xss)
#   Set larger code cache with -XX:ReservedCodeCacheSize=
#   JVM is running with Unscaled Compressed Oops mode in which the Java heap is
#     placed in the first 4GB address space. The Java Heap base address is the
#     maximum limit for the native heap growth. Please use -XX:HeapBaseMinAddress
#     to set the Java Heap base and to place the Java Heap above 4GB virtual address.
# This output file may be truncated or incomplete.
#
#  Out of Memory Error (arena.cpp:186), pid=7876, tid=4564
#
# JRE version: OpenJDK Runtime Environment (25.0.3) (build 25.0.3+-15898627-b508.16)
# Java VM: OpenJDK 64-Bit Server VM (25.0.3+-15898627-b508.16, mixed mode, tiered, compressed oops, compressed class ptrs, g1 gc, windows-amd64)
# No core dump will be written. Minidumps are not enabled by default on client versions of Windows
#

---------------  S U M M A R Y ------------

Command Line: --add-opens=java.base/java.lang=ALL-UNNAMED --add-opens=java.base/java.lang.invoke=ALL-UNNAMED --add-opens=java.base/java.util=ALL-UNNAMED --add-opens=java.prefs/java.util.prefs=ALL-UNNAMED --add-exports=jdk.compiler/com.sun.tools.javac.api=ALL-UNNAMED --add-exports=jdk.compiler/com.sun.tools.javac.util=ALL-UNNAMED --add-opens=java.base/java.nio.charset=ALL-UNNAMED --add-opens=java.base/java.net=ALL-UNNAMED --add-opens=java.base/java.util.concurrent=ALL-UNNAMED --add-opens=java.base/java.util.concurrent.atomic=ALL-UNNAMED --add-opens=java.xml/javax.xml.namespace=ALL-UNNAMED --add-opens=java.base/java.time=ALL-UNNAMED --enable-native-access=ALL-UNNAMED -Xmx2048m -Dfile.encoding=UTF-8 -Duser.country=RU -Duser.language=ru -Duser.variant -javaagent:C:\Users\User\.gradle\wrapper\dists\gradle-9.6.0-bin\42k10rwplmzkhuboz9kdazi7s\gradle-9.6.0\lib\agents\gradle-instrumentation-agent-9.6.0.jar org.gradle.launcher.daemon.bootstrap.GradleDaemon 9.6.0

Host: 11th Gen Intel(R) Core(TM) i3-1115G4 @ 3.00GHz, 4 cores, 15G,  Windows 11 , 64 bit Build 26100 (10.0.26100.9549)
Time: Wed Sep 30 19:58:04 2026 elapsed time: 95.700619 seconds (0d 0h 1m 35s)

---------------  T H R E A D  ---------------

Current thread (0x0000018cfd769940):  JavaThread "C2 CompilerThread0" daemon [_thread_in_native, id=4564, stack(0x0000005606e00000,0x0000005606f00000) (1024K)]


Current CompileTask:
C2:95700 21295       4       org.gradle.api.internal.file.collections.UnpackingVisitor::add (367 bytes)

Stack: [0x0000005606e00000,0x0000005606f00000]
Native frames: (J=compiled Java code, j=interpreted, Vv=VM code, C=native code)
V  [jvm.dll+0x7bf039]  (no source info available)
V  [jvm.dll+0x78912d]  (no source info available)
V  [jvm.dll+0xa0e615]  (no source info available)
V  [jvm.dll+0xa10c94]  (no source info available)
V  [jvm.dll+0xa11393]  (no source info available)
V  [jvm.dll+0x30a116]  (no source info available)
V  [jvm.dll+0x10eda9]  (no source info available)
V  [jvm.dll+0x10f0d2]  (no source info available)
V  [jvm.dll+0x1a9b77]  (no source info available)
V  [jvm.dll+0x3bf612]  (no source info available)
V  [jvm.dll+0x7c48b7]  (no source info available)
V  [jvm.dll+0x2ce466]  (no source info available)
V  [jvm.dll+0x2cd641]  (no source info available)
V  [jvm.dll+0x24334a]  (no source info available)
V  [jvm.dll+0x2dd025]  (no source info available)
V  [jvm.dll+0x2db226]  (no source info available)
V  [jvm.dll+0x49c12e]  (no source info available)
V  [jvm.dll+0x9ad738]  (no source info available)
V  [jvm.dll+0x7bd585]  (no source info available)
C  [ucrtbase.dll+0x2cd30]  (no source info available)
C  [KERNEL32.DLL+0x2cdf7]  (no source info available)
C  [ntdll.dll+0x7ee4c]  (no source info available)

Lock stack of current Java thread (top to bottom):


---------------  P R O C E S S  ---------------

Threads class SMR info:
_java_thread_list=0x0000018c842d2dc0, length=52, elements={
0x0000018ce64552e0, 0x0000018cfd7513f0, 0x0000018cfd7533e0, 0x0000018cfd756180,
0x0000018cfd754830, 0x0000018cfd7553f0, 0x0000018cfd781820, 0x0000018cfd768e50,
0x0000018cfd769940, 0x0000018cfd78a980, 0x0000018cfdd406d0, 0x0000018c85064110,
0x0000018c852b94c0, 0x0000018c8543df10, 0x0000018c85443e90, 0x0000018c851a7c60,
0x0000018c851a8430, 0x0000018c851ada20, 0x0000018c851ae9c0, 0x0000018c85ca2fe0,
0x0000018c85ca7e00, 0x0000018c85ca9570, 0x0000018c85c0e2c0, 0x0000018c87c19160,
0x0000018c85c0ea90, 0x0000018cff175d40, 0x0000018cff176510, 0x0000018cff177c80,
0x0000018c8fadc5d0, 0x0000018c8fadece0, 0x0000018c8fadbe00, 0x0000018c8faddd40,
0x0000018c863feff0, 0x0000018c87c152e0, 0x0000018c8fae3b00, 0x0000018c8fae2390,
0x0000018c8fae0c20, 0x0000018c8fae42d0, 0x0000018c8fae6210, 0x0000018c8fae3330,
0x0000018c8fae90f0, 0x0000018c8fae71b0, 0x0000018c8faeb030, 0x0000018c85ca5ec0,
0x0000018c85ca4f20, 0x0000018c85ca2810, 0x0000018c85ca37b0, 0x0000018c841874d0,
0x0000018c84184dc0, 0x0000018c84189be0, 0x0000018c84188470, 0x0000018cfdf56d60
}

Java Threads: ( => current thread )
  0x0000018ce64552e0 JavaThread "main"                              [_thread_blocked, id=9588, stack(0x0000005605f00000,0x0000005606000000) (1024K)]
  0x0000018cfd7513f0 JavaThread "Common-Cleaner"             daemon [_thread_blocked, id=2860, stack(0x0000005606700000,0x0000005606800000) (1024K)]
  0x0000018cfd7533e0 JavaThread "Reference Handler"          daemon [_thread_blocked, id=10708, stack(0x0000005606800000,0x0000005606900000) (1024K)]
  0x0000018cfd756180 JavaThread "Finalizer"                  daemon [_thread_blocked, id=7004, stack(0x0000005606900000,0x0000005606a00000) (1024K)]
  0x0000018cfd754830 JavaThread "Signal Dispatcher"          daemon [_thread_blocked, id=2804, stack(0x0000005606a00000,0x0000005606b00000) (1024K)]
  0x0000018cfd7553f0 JavaThread "Attach Listener"            daemon [_thread_blocked, id=7744, stack(0x0000005606b00000,0x0000005606c00000) (1024K)]
  0x0000018cfd781820 JavaThread "Service Thread"             daemon [_thread_blocked, id=3696, stack(0x0000005606c00000,0x0000005606d00000) (1024K)]
  0x0000018cfd768e50 JavaThread "Monitor Deflation Thread"   daemon [_thread_blocked, id=572, stack(0x0000005606d00000,0x0000005606e00000) (1024K)]
=>0x0000018cfd769940 JavaThread "C2 CompilerThread0"         daemon [_thread_in_native, id=4564, stack(0x0000005606e00000,0x0000005606f00000) (1024K)]
  0x0000018cfd78a980 JavaThread "C1 CompilerThread0"         daemon [_thread_blocked, id=9276, stack(0x0000005606f00000,0x0000005607000000) (1024K)]
  0x0000018cfdd406d0 JavaThread "Notification Thread"        daemon [_thread_blocked, id=7972, stack(0x0000005607000000,0x0000005607100000) (1024K)]
  0x0000018c85064110 JavaThread "Daemon health stats"               [_thread_blocked, id=15728, stack(0x0000005607500000,0x0000005607600000) (1024K)]
  0x0000018c852b94c0 JavaThread "Incoming local TCP Connector on port 58124"        [_thread_in_native, id=14020, stack(0x0000005607600000,0x0000005607700000) (1024K)]
  0x0000018c8543df10 JavaThread "Daemon periodic checks"            [_thread_blocked, id=13488, stack(0x0000005607700000,0x0000005607800000) (1024K)]
  0x0000018c85443e90 JavaThread "Daemon"                            [_thread_blocked, id=18744, stack(0x0000005607800000,0x0000005607900000) (1024K)]
  0x0000018c851a7c60 JavaThread "Daemon worker"                     [_thread_blocked, id=7868, stack(0x0000005607b00000,0x0000005607c00000) (1024K)]
  0x0000018c851a8430 JavaThread "Cache worker for journal cache (C:\Users\User\.gradle\caches\journal-1)"        [_thread_blocked, id=3288, stack(0x0000005607f00000,0x0000005608000000) (1024K)]
  0x0000018c851ada20 JavaThread "File lock request listener"        [_thread_in_native, id=19384, stack(0x0000005608000000,0x0000005608100000) (1024K)]
  0x0000018c851ae9c0 JavaThread "Cache worker for file hash cache (C:\Users\User\.gradle\caches\9.6.0\fileHashes)"        [_thread_blocked, id=3196, stack(0x0000005608100000,0x0000005608200000) (1024K)]
  0x0000018c85ca2fe0 JavaThread "Cache worker for file content cache (C:\Users\User\.gradle\caches\9.6.0\fileContent)"        [_thread_blocked, id=4440, stack(0x0000005608500000,0x0000005608600000) (1024K)]
  0x0000018c85ca7e00 JavaThread "File watcher server"        daemon [_thread_in_native, id=15428, stack(0x0000005608600000,0x0000005608700000) (1024K)]
  0x0000018c85ca9570 JavaThread "File watcher consumer"      daemon [_thread_blocked, id=13352, stack(0x0000005608700000,0x0000005608800000) (1024K)]
  0x0000018c85c0e2c0 JavaThread "Memory manager"                    [_thread_blocked, id=11600, stack(0x0000005608a00000,0x0000005608b00000) (1024K)]
  0x0000018c87c19160 JavaThread "RMI Scheduler(0)"           daemon [_thread_blocked, id=11756, stack(0x0000005609800000,0x0000005609900000) (1024K)]
  0x0000018c85c0ea90 JavaThread "RMI GC Daemon"              daemon [_thread_blocked, id=5828, stack(0x0000005609a00000,0x0000005609b00000) (1024K)]
  0x0000018cff175d40 JavaThread "RMI TCP Accept-0"           daemon [_thread_in_native, id=18512, stack(0x0000005609b00000,0x0000005609c00000) (1024K)]
  0x0000018cff176510 JavaThread "RMI Reaper"                        [_thread_blocked, id=1328, stack(0x0000005609c00000,0x0000005609d00000) (1024K)]
  0x0000018cff177c80 JavaThread "RMI TCP Connection(idle)"   daemon [_thread_blocked, id=11820, stack(0x0000005609d00000,0x0000005609e00000) (1024K)]
  0x0000018c8fadc5d0 JavaThread "ForkJoinPool.commonPool-worker-1" daemon [_thread_blocked, id=19028, stack(0x000000560a100000,0x000000560a200000) (1024K)]
  0x0000018c8fadece0 JavaThread "ForkJoinPool.commonPool-worker-2" daemon [_thread_blocked, id=16396, stack(0x000000560a200000,0x000000560a300000) (1024K)]
  0x0000018c8fadbe00 JavaThread "ForkJoinPool.commonPool-worker-3" daemon [_thread_blocked, id=17148, stack(0x000000560a300000,0x000000560a400000) (1024K)]
  0x0000018c8faddd40 JavaThread "VFS cleanup"                       [_thread_blocked, id=12160, stack(0x0000005607c00000,0x0000005607d00000) (1024K)]
  0x0000018c863feff0 JavaThread "RMI TCP Connection(3)-127.0.0.1" daemon [_thread_in_native, id=7908, stack(0x0000005609300000,0x0000005609400000) (1024K)]
  0x0000018c87c152e0 JavaThread "Handler for socket connection from /127.0.0.1:58124 to /127.0.0.1:57742"        [_thread_in_native, id=5672, stack(0x0000005605d00000,0x0000005605e00000) (1024K)]
  0x0000018c8fae3b00 JavaThread "Cancel handler"                    [_thread_blocked, id=16788, stack(0x0000005605e00000,0x0000005605f00000) (1024K)]
  0x0000018c8fae2390 JavaThread "Asynchronous log dispatcher for DefaultDaemonConnection: socket connection from /127.0.0.1:58124 to /127.0.0.1:57742"        [_thread_blocked, id=11660, stack(0x0000005607100000,0x0000005607200000) (1024K)]
  0x0000018c8fae0c20 JavaThread "Stdin handler"                     [_thread_blocked, id=5196, stack(0x0000005607900000,0x0000005607a00000) (1024K)]
  0x0000018c8fae42d0 JavaThread "Daemon client event forwarder"        [_thread_blocked, id=13184, stack(0x0000005607a00000,0x0000005607b00000) (1024K)]
  0x0000018c8fae6210 JavaThread "Cache worker for file hash cache (C:\Users\User\AndroidStudioProjects\clckr\.gradle\9.6.0\fileHashes)"        [_thread_blocked, id=19048, stack(0x0000005607d00000,0x0000005607e00000) (1024K)]
  0x0000018c8fae3330 JavaThread "Cache worker for checksums cache (C:\Users\User\AndroidStudioProjects\clckr\.gradle\9.6.0\checksums)"        [_thread_blocked, id=9268, stack(0x0000005607e00000,0x0000005607f00000) (1024K)]
  0x0000018c8fae90f0 JavaThread "Cache worker for Build Output Cleanup Cache (C:\Users\User\AndroidStudioProjects\clckr\.gradle\buildOutputCleanup)"        [_thread_blocked, id=976, stack(0x0000005608200000,0x0000005608300000) (1024K)]
  0x0000018c8fae71b0 JavaThread "Cache worker for cache directory md-supplier (C:\Users\User\.gradle\caches\9.6.0\md-supplier)"        [_thread_blocked, id=1904, stack(0x0000005608300000,0x0000005608400000) (1024K)]
  0x0000018c8faeb030 JavaThread "Cache worker for cache directory md-rule (C:\Users\User\.gradle\caches\9.6.0\md-rule)"        [_thread_blocked, id=17724, stack(0x0000005608400000,0x0000005608500000) (1024K)]
  0x0000018c85ca5ec0 JavaThread "build event listener"              [_thread_blocked, id=14768, stack(0x0000005608900000,0x0000005608a00000) (1024K)]
  0x0000018c85ca4f20 JavaThread "build event listener"              [_thread_blocked, id=9272, stack(0x0000005608b00000,0x0000005608c00000) (1024K)]
  0x0000018c85ca2810 JavaThread "Build operations"                  [_thread_blocked, id=16856, stack(0x0000005608c00000,0x0000005608d00000) (1024K)]
  0x0000018c85ca37b0 JavaThread "included builds"                   [_thread_in_vm, id=11388, stack(0x0000005608800000,0x0000005608900000) (1024K)] _threads_hazard_ptr=0x0000018c842d2dc0
  0x0000018c841874d0 JavaThread "Execution worker"                  [_thread_in_Java, id=1188, stack(0x0000005608d00000,0x0000005608e00000) (1024K)]
  0x0000018c84184dc0 JavaThread "Execution worker Thread 2"         [_thread_in_Java, id=15676, stack(0x0000005608e00000,0x0000005608f00000) (1024K)]
  0x0000018c84189be0 JavaThread "Execution worker Thread 3"         [_thread_in_native, id=5028, stack(0x0000005608f00000,0x0000005609000000) (1024K)]
  0x0000018c84188470 JavaThread "Cache worker for execution history cache (C:\Users\User\AndroidStudioProjects\clckr\.gradle\9.6.0\executionHistory)"        [_thread_blocked, id=16168, stack(0x0000005609000000,0x0000005609100000) (1024K)]
  0x0000018cfdf56d60 JavaThread "C2 CompilerThread1"         daemon [_thread_in_native, id=8112, stack(0x0000005609100000,0x0000005609200000) (1024K)]
Total: 52

Other Threads:
  0x0000018cfd7014d0 VMThread "VM Thread"                           [id=8052, stack(0x0000005606600000,0x0000005606700000) (1024K)]
  0x0000018cfd6dae90 WatcherThread "VM Periodic Task Thread"        [id=10104, stack(0x0000005606500000,0x0000005606600000) (1024K)]
  0x0000018ce64b2260 WorkerThread "GC Thread#0"                     [id=7540, stack(0x0000005606000000,0x0000005606100000) (1024K)]
  0x0000018cfdf32760 WorkerThread "GC Thread#1"                     [id=17032, stack(0x0000005607200000,0x0000005607300000) (1024K)]
  0x0000018cfdf33cf0 WorkerThread "GC Thread#2"                     [id=288, stack(0x0000005607300000,0x0000005607400000) (1024K)]
  0x0000018cfdf33000 WorkerThread "GC Thread#3"                     [id=11980, stack(0x0000005607400000,0x0000005607500000) (1024K)]
  0x0000018ce407c870 ConcurrentGCThread "G1 Main Marker"            [id=16224, stack(0x0000005606100000,0x0000005606200000) (1024K)]
  0x0000018ce407d210 WorkerThread "G1 Conc#0"                       [id=1596, stack(0x0000005606200000,0x0000005606300000) (1024K)]
  0x0000018ce650c660 ConcurrentGCThread "G1 Refine#0"               [id=7368, stack(0x0000005606300000,0x0000005606400000) (1024K)]
  0x0000018ce650d070 ConcurrentGCThread "G1 Service"                [id=13056, stack(0x0000005606400000,0x0000005606500000) (1024K)]
Total: 10

Threads with active compile tasks:
C2 CompilerThread0  95793 21295       4       org.gradle.api.internal.file.collections.UnpackingVisitor::add (367 bytes)
C2 CompilerThread1  95793 21307       4       java.io.ObjectOutputStream::writeClassDesc (60 bytes)
Total: 2

VM state: not at safepoint (normal execution)

VM Mutex/Monitor currently owned by a thread: None

Heap address: 0x0000000080000000, size: 2048 MB, Compressed Oops mode: 32-bit

CDS archive(s) not mapped
Compressed class space mapped at: 0x0000000029000000-0x0000000069000000, reserved size: 1073741824
UseCompressedClassPointers 1, UseCompactObjectHeaders 0
Narrow klass pointer bits 32, Max shift 3
Narrow klass base: 0x0000000000000000, Narrow klass shift: 0
Encoding Range: [0x0000000000000000 - 0x0000000100000000), (4294967296 bytes)
Klass Range:    [0x0000000029000000 - 0x0000000069000000), (1073741824 bytes)
Klass ID Range:  [687865856 - 1761607673) (1073741817)
No protection zone.

GC Precious Log:
 CardTable entry size: 512
 Card Set container configuration: InlinePtr #cards 5 size 8 Array Of Cards #cards 10 size 36 Howl #buckets 4 coarsen threshold 1843 Howl Bitmap #cards 512 size 80 coarsen threshold 460 Card regions per heap region 1 cards per card region 2048
 CPUs: 4 total, 4 available
 Memory: 16126M
 Large Page Support: Disabled
 NUMA Support: Disabled
 Compressed Oops: Enabled (32-bit)
 Heap Region Size: 1M
 Heap Min Capacity: 8M
 Heap Initial Capacity: 252M
 Heap Max Capacity: 2G
 Pre-touch: Disabled
 Parallel Workers: 4
 Concurrent Workers: 1
 Concurrent Refinement Workers: 4
 Periodic GC: Disabled

Heap:
 garbage-first heap   total reserved 2097152K, committed 280576K, used 268006K [0x0000000080000000, 0x0000000100000000)
  region size 1024K, 95 young (97280K), 6 survivors (6144K)

Heap Regions: E=young(eden), S=young(survivor), O=old, HS=humongous(starts), HC=humongous(continues), CS=collection set, F=free, TAMS=top-at-mark-start, PB=parsable bottom
|   0|0x0000000080000000, 0x0000000080100000, 0x0000000080100000|100%|HS|  |TAMS 0x0000000080000000| PB 0x0000000080000000| Complete |  0
|   1|0x0000000080100000, 0x0000000080200000, 0x0000000080200000|100%|HC|  |TAMS 0x0000000080100000| PB 0x0000000080100000| Complete |  0
|   2|0x0000000080200000, 0x0000000080300000, 0x0000000080300000|100%|HC|  |TAMS 0x0000000080200000| PB 0x0000000080200000| Complete |  0
|   3|0x0000000080300000, 0x0000000080400000, 0x0000000080400000|100%|HC|  |TAMS 0x0000000080300000| PB 0x0000000080300000| Complete |  0
|   4|0x0000000080400000, 0x0000000080500000, 0x0000000080500000|100%| O|  |TAMS 0x0000000080400000| PB 0x0000000080400000| Untracked |  0
|   5|0x0000000080500000, 0x0000000080600000, 0x0000000080600000|100%| O|  |TAMS 0x0000000080500000| PB 0x0000000080500000| Untracked |  0
|   6|0x0000000080600000, 0x0000000080700000, 0x0000000080700000|100%|HS|  |TAMS 0x0000000080600000| PB 0x0000000080600000| Complete |  0
|   7|0x0000000080700000, 0x0000000080800000, 0x0000000080800000|100%|HS|  |TAMS 0x0000000080700000| PB 0x0000000080700000| Complete |  0
|   8|0x0000000080800000, 0x0000000080900000, 0x0000000080900000|100%| O|  |TAMS 0x0000000080800000| PB 0x0000000080800000| Untracked |  0
|   9|0x0000000080900000, 0x0000000080a00000, 0x0000000080a00000|100%| O|  |TAMS 0x0000000080900000| PB 0x0000000080900000| Untracked |  0
|  10|0x0000000080a00000, 0x0000000080b00000, 0x0000000080b00000|100%| O|  |TAMS 0x0000000080a00000| PB 0x0000000080a00000| Untracked |  0
|  11|0x0000000080b00000, 0x0000000080c00000, 0x0000000080c00000|100%| O|  |TAMS 0x0000000080b00000| PB 0x0000000080b00000| Untracked |  0
|  12|0x0000000080c00000, 0x0000000080d00000, 0x0000000080d00000|100%| O|  |TAMS 0x0000000080c00000| PB 0x0000000080c00000| Untracked |  0
|  13|0x0000000080d00000, 0x0000000080e00000, 0x0000000080e00000|100%| O|  |TAMS 0x0000000080d00000| PB 0x0000000080d00000| Untracked |  0
|  14|0x0000000080e00000, 0x0000000080f00000, 0x0000000080f00000|100%| O|  |TAMS 0x0000000080e00000| PB 0x0000000080e00000| Untracked |  0
|  15|0x0000000080f00000, 0x0000000081000000, 0x0000000081000000|100%| O|  |TAMS 0x0000000080f00000| PB 0x0000000080f00000| Untracked |  0
|  16|0x0000000081000000, 0x0000000081100000, 0x0000000081100000|100%| O|  |TAMS 0x0000000081000000| PB 0x0000000081000000| Untracked |  0
|  17|0x0000000081100000, 0x0000000081200000, 0x0000000081200000|100%| O|  |TAMS 0x0000000081100000| PB 0x0000000081100000| Untracked |  0
|  18|0x0000000081200000, 0x0000000081300000, 0x0000000081300000|100%| O|  |TAMS 0x0000000081200000| PB 0x0000000081200000| Untracked |  0
|  19|0x0000000081300000, 0x0000000081400000, 0x0000000081400000|100%| O|  |TAMS 0x0000000081300000| PB 0x0000000081300000| Untracked |  0
|  20|0x0000000081400000, 0x0000000081500000, 0x0000000081500000|100%| O|  |TAMS 0x0000000081400000| PB 0x0000000081400000| Untracked |  0
|  21|0x0000000081500000, 0x0000000081600000, 0x0000000081600000|100%| O|  |TAMS 0x0000000081500000| PB 0x0000000081500000| Untracked |  0
|  22|0x0000000081600000, 0x0000000081700000, 0x0000000081700000|100%| O|  |TAMS 0x0000000081600000| PB 0x0000000081600000| Untracked |  0
|  23|0x0000000081700000, 0x0000000081800000, 0x0000000081800000|100%| O|  |TAMS 0x0000000081700000| PB 0x0000000081700000| Untracked |  0
|  24|0x0000000081800000, 0x0000000081900000, 0x0000000081900000|100%| O|  |TAMS 0x0000000081800000| PB 0x0000000081800000| Untracked |  0
|  25|0x0000000081900000, 0x0000000081a00000, 0x0000000081a00000|100%| O|  |TAMS 0x0000000081900000| PB 0x0000000081900000| Untracked |  0
|  26|0x0000000081a00000, 0x0000000081b00000, 0x0000000081b00000|100%|HS|  |TAMS 0x0000000081a00000| PB 0x0000000081a00000| Complete |  0
|  27|0x0000000081b00000, 0x0000000081c00000, 0x0000000081c00000|100%|HS|  |TAMS 0x0000000081b00000| PB 0x0000000081b00000| Complete |  0
|  28|0x0000000081c00000, 0x0000000081d00000, 0x0000000081d00000|100%|HS|  |TAMS 0x0000000081c00000| PB 0x0000000081c00000| Complete |  0
|  29|0x0000000081d00000, 0x0000000081e00000, 0x0000000081e00000|100%|HC|  |TAMS 0x0000000081d00000| PB 0x0000000081d00000| Complete |  0
|  30|0x0000000081e00000, 0x0000000081f00000, 0x0000000081f00000|100%|HS|  |TAMS 0x0000000081e00000| PB 0x0000000081e00000| Complete |  0
|  31|0x0000000081f00000, 0x0000000082000000, 0x0000000082000000|100%| O|  |TAMS 0x0000000081f00000| PB 0x0000000081f00000| Untracked |  0
|  32|0x0000000082000000, 0x0000000082100000, 0x0000000082100000|100%|HS|  |TAMS 0x0000000082000000| PB 0x0000000082000000| Complete |  0
|  33|0x0000000082100000, 0x0000000082200000, 0x0000000082200000|100%| O|  |TAMS 0x0000000082100000| PB 0x0000000082100000| Untracked |  0
|  34|0x0000000082200000, 0x0000000082300000, 0x0000000082300000|100%| O|  |TAMS 0x0000000082200000| PB 0x0000000082200000| Untracked |  0
|  35|0x0000000082300000, 0x0000000082400000, 0x0000000082400000|100%| O|  |TAMS 0x0000000082300000| PB 0x0000000082300000| Untracked |  0
|  36|0x0000000082400000, 0x0000000082500000, 0x0000000082500000|100%| O|  |TAMS 0x0000000082400000| PB 0x0000000082400000| Untracked |  0
|  37|0x0000000082500000, 0x0000000082600000, 0x0000000082600000|100%| O|  |TAMS 0x0000000082500000| PB 0x0000000082500000| Untracked |  0
|  38|0x0000000082600000, 0x0000000082700000, 0x0000000082700000|100%| O|  |TAMS 0x0000000082600000| PB 0x0000000082600000| Untracked |  0
|  39|0x0000000082700000, 0x0000000082800000, 0x0000000082800000|100%| O|  |TAMS 0x0000000082700000| PB 0x0000000082700000| Untracked |  0
|  40|0x0000000082800000, 0x0000000082900000, 0x0000000082900000|100%|HS|  |TAMS 0x0000000082800000| PB 0x0000000082800000| Complete |  0
|  41|0x0000000082900000, 0x0000000082a00000, 0x0000000082a00000|100%|HS|  |TAMS 0x0000000082900000| PB 0x0000000082900000| Complete |  0
|  42|0x0000000082a00000, 0x0000000082b00000, 0x0000000082b00000|100%|HC|  |TAMS 0x0000000082a00000| PB 0x0000000082a00000| Complete |  0
|  43|0x0000000082b00000, 0x0000000082c00000, 0x0000000082c00000|100%| O|  |TAMS 0x0000000082b00000| PB 0x0000000082b00000| Untracked |  0
|  44|0x0000000082c00000, 0x0000000082d00000, 0x0000000082d00000|100%| O|  |TAMS 0x0000000082c00000| PB 0x0000000082c00000| Untracked |  0
|  45|0x0000000082d00000, 0x0000000082e00000, 0x0000000082e00000|100%|HS|  |TAMS 0x0000000082d00000| PB 0x0000000082d00000| Complete |  0
|  46|0x0000000082e00000, 0x0000000082f00000, 0x0000000082f00000|100%| O|  |TAMS 0x0000000082e00000| PB 0x0000000082e00000| Untracked |  0
|  47|0x0000000082f00000, 0x0000000083000000, 0x0000000083000000|100%| O|  |TAMS 0x0000000082f00000| PB 0x0000000082f00000| Untracked |  0
|  48|0x0000000083000000, 0x0000000083100000, 0x0000000083100000|100%| O|  |TAMS 0x0000000083000000| PB 0x0000000083000000| Untracked |  0
|  49|0x0000000083100000, 0x0000000083200000, 0x0000000083200000|100%| O|  |TAMS 0x0000000083100000| PB 0x0000000083100000| Untracked |  0
|  50|0x0000000083200000, 0x0000000083300000, 0x0000000083300000|100%| O|  |TAMS 0x0000000083200000| PB 0x0000000083200000| Untracked |  0
|  51|0x0000000083300000, 0x0000000083400000, 0x0000000083400000|100%| O|  |TAMS 0x0000000083300000| PB 0x0000000083300000| Untracked |  0
|  52|0x0000000083400000, 0x0000000083500000, 0x0000000083500000|100%| O|  |TAMS 0x0000000083400000| PB 0x0000000083400000| Untracked |  0
|  53|0x0000000083500000, 0x0000000083600000, 0x0000000083600000|100%| O|  |TAMS 0x0000000083500000| PB 0x0000000083500000| Untracked |  0
|  54|0x0000000083600000, 0x0000000083700000, 0x0000000083700000|100%|HS|  |TAMS 0x0000000083600000| PB 0x0000000083600000| Complete |  0
|  55|0x0000000083700000, 0x0000000083800000, 0x0000000083800000|100%|HS|  |TAMS 0x0000000083700000| PB 0x0000000083700000| Complete |  0
|  56|0x0000000083800000, 0x0000000083900000, 0x0000000083900000|100%| O|  |TAMS 0x0000000083800000| PB 0x0000000083800000| Untracked |  0
|  57|0x0000000083900000, 0x0000000083a00000, 0x0000000083a00000|100%| O|  |TAMS 0x0000000083900000| PB 0x0000000083900000| Untracked |  0
|  58|0x0000000083a00000, 0x0000000083b00000, 0x0000000083b00000|100%| O|  |TAMS 0x0000000083a00000| PB 0x0000000083a00000| Untracked |  0
|  59|0x0000000083b00000, 0x0000000083c00000, 0x0000000083c00000|100%| O|  |TAMS 0x0000000083b00000| PB 0x0000000083b00000| Untracked |  0
|  60|0x0000000083c00000, 0x0000000083d00000, 0x0000000083d00000|100%| O|  |TAMS 0x0000000083c00000| PB 0x0000000083c00000| Untracked |  0
|  61|0x0000000083d00000, 0x0000000083e00000, 0x0000000083e00000|100%| O|  |TAMS 0x0000000083d00000| PB 0x0000000083d00000| Untracked |  0
|  62|0x0000000083e00000, 0x0000000083f00000, 0x0000000083f00000|100%| O|  |TAMS 0x0000000083e00000| PB 0x0000000083e00000| Untracked |  0
|  63|0x0000000083f00000, 0x0000000084000000, 0x0000000084000000|100%| O|  |TAMS 0x0000000083f00000| PB 0x0000000083f00000| Untracked |  0
|  64|0x0000000084000000, 0x0000000084100000, 0x0000000084100000|100%| O|  |TAMS 0x0000000084000000| PB 0x0000000084000000| Untracked |  0
|  65|0x0000000084100000, 0x0000000084200000, 0x0000000084200000|100%|HS|  |TAMS 0x0000000084100000| PB 0x0000000084100000| Complete |  0
|  66|0x0000000084200000, 0x0000000084300000, 0x0000000084300000|100%| O|  |TAMS 0x0000000084200000| PB 0x0000000084200000| Untracked |  0
|  67|0x0000000084300000, 0x0000000084400000, 0x0000000084400000|100%| O|  |TAMS 0x0000000084300000| PB 0x0000000084300000| Untracked |  0
|  68|0x0000000084400000, 0x0000000084500000, 0x0000000084500000|100%| O|  |TAMS 0x0000000084400000| PB 0x0000000084400000| Untracked |  0
|  69|0x0000000084500000, 0x0000000084600000, 0x0000000084600000|100%| O|  |TAMS 0x0000000084500000| PB 0x0000000084500000| Untracked |  0
|  70|0x0000000084600000, 0x0000000084700000, 0x0000000084700000|100%| O|  |TAMS 0x0000000084600000| PB 0x0000000084600000| Untracked |  0
|  71|0x0000000084700000, 0x0000000084800000, 0x0000000084800000|100%|HS|  |TAMS 0x0000000084700000| PB 0x0000000084700000| Complete |  0
|  72|0x0000000084800000, 0x0000000084900000, 0x0000000084900000|100%| O|  |TAMS 0x0000000084800000| PB 0x0000000084800000| Untracked |  0
|  73|0x0000000084900000, 0x0000000084a00000, 0x0000000084a00000|100%| O|  |TAMS 0x0000000084900000| PB 0x0000000084900000| Untracked |  0
|  74|0x0000000084a00000, 0x0000000084b00000, 0x0000000084b00000|100%| O|  |TAMS 0x0000000084a00000| PB 0x0000000084a00000| Untracked |  0
|  75|0x0000000084b00000, 0x0000000084c00000, 0x0000000084c00000|100%| O|  |TAMS 0x0000000084b00000| PB 0x0000000084b00000| Untracked |  0
|  76|0x0000000084c00000, 0x0000000084d00000, 0x0000000084d00000|100%| O|  |TAMS 0x0000000084c00000| PB 0x0000000084c00000| Untracked |  0
|  77|0x0000000084d00000, 0x0000000084e00000, 0x0000000084e00000|100%| O|  |TAMS 0x0000000084d00000| PB 0x0000000084d00000| Untracked |  0
|  78|0x0000000084e00000, 0x0000000084f00000, 0x0000000084f00000|100%| O|  |TAMS 0x0000000084e00000| PB 0x0000000084e00000| Untracked |  0
|  79|0x0000000084f00000, 0x0000000085000000, 0x0000000085000000|100%| O|  |TAMS 0x0000000084f00000| PB 0x0000000084f00000| Untracked |  0
|  80|0x0000000085000000, 0x0000000085100000, 0x0000000085100000|100%| O|  |TAMS 0x0000000085000000| PB 0x0000000085000000| Untracked |  0
|  81|0x0000000085100000, 0x0000000085200000, 0x0000000085200000|100%| O|  |TAMS 0x0000000085100000| PB 0x0000000085100000| Untracked |  0
|  82|0x0000000085200000, 0x0000000085300000, 0x0000000085300000|100%| O|  |TAMS 0x0000000085200000| PB 0x0000000085200000| Untracked |  0
|  83|0x0000000085300000, 0x0000000085400000, 0x0000000085400000|100%| O|  |TAMS 0x0000000085300000| PB 0x0000000085300000| Untracked |  0
|  84|0x0000000085400000, 0x0000000085500000, 0x0000000085500000|100%| O|  |TAMS 0x0000000085400000| PB 0x0000000085400000| Untracked |  0
|  85|0x0000000085500000, 0x0000000085600000, 0x0000000085600000|100%| O|Cm|TAMS 0x0000000085500000| PB 0x0000000085500000| Complete |  0
|  86|0x0000000085600000, 0x0000000085700000, 0x0000000085700000|100%|HS|  |TAMS 0x0000000085600000| PB 0x0000000085600000| Complete |  0
|  87|0x0000000085700000, 0x0000000085800000, 0x0000000085800000|100%| O|  |TAMS 0x0000000085700000| PB 0x0000000085700000| Untracked |  0
|  88|0x0000000085800000, 0x0000000085900000, 0x0000000085900000|100%| O|  |TAMS 0x0000000085800000| PB 0x0000000085800000| Untracked |  0
|  89|0x0000000085900000, 0x0000000085a00000, 0x0000000085a00000|100%| O|  |TAMS 0x0000000085900000| PB 0x0000000085900000| Untracked |  0
|  90|0x0000000085a00000, 0x0000000085b00000, 0x0000000085b00000|100%| O|  |TAMS 0x0000000085a00000| PB 0x0000000085a00000| Untracked |  0
|  91|0x0000000085b00000, 0x0000000085c00000, 0x0000000085c00000|100%|HS|  |TAMS 0x0000000085b00000| PB 0x0000000085b00000| Complete |  0
|  92|0x0000000085c00000, 0x0000000085c30800, 0x0000000085d00000| 18%| O|  |TAMS 0x0000000085c00000| PB 0x0000000085c00000| Untracked |  0
|  93|0x0000000085d00000, 0x0000000085e00000, 0x0000000085e00000|100%|HS|  |TAMS 0x0000000085d00000| PB 0x0000000085d00000| Complete |  0
|  94|0x0000000085e00000, 0x0000000085f00000, 0x0000000085f00000|100%|HC|  |TAMS 0x0000000085e00000| PB 0x0000000085e00000| Complete |  0
|  95|0x0000000085f00000, 0x0000000086000000, 0x0000000086000000|100%|HS|  |TAMS 0x0000000085f00000| PB 0x0000000085f00000| Complete |  0
|  96|0x0000000086000000, 0x0000000086100000, 0x0000000086100000|100%|HC|  |TAMS 0x0000000086000000| PB 0x0000000086000000| Complete |  0
|  97|0x0000000086100000, 0x0000000086200000, 0x0000000086200000|100%|HS|  |TAMS 0x0000000086100000| PB 0x0000000086100000| Complete |  0
|  98|0x0000000086200000, 0x0000000086300000, 0x0000000086300000|100%|HC|  |TAMS 0x0000000086200000| PB 0x0000000086200000| Complete |  0
|  99|0x0000000086300000, 0x0000000086400000, 0x0000000086400000|100%|HS|  |TAMS 0x0000000086300000| PB 0x0000000086300000| Complete |  0
| 100|0x0000000086400000, 0x0000000086500000, 0x0000000086500000|100%|HC|  |TAMS 0x0000000086400000| PB 0x0000000086400000| Complete |  0
| 101|0x0000000086500000, 0x0000000086500000, 0x0000000086600000|  0%| F|  |TAMS 0x0000000086500000| PB 0x0000000086500000| Untracked |  0
| 102|0x0000000086600000, 0x0000000086700000, 0x0000000086700000|100%| O|Cm|TAMS 0x0000000086600000| PB 0x0000000086600000| Complete |  0
| 103|0x0000000086700000, 0x0000000086800000, 0x0000000086800000|100%| O|Cm|TAMS 0x0000000086700000| PB 0x0000000086700000| Complete |  0
| 104|0x0000000086800000, 0x0000000086900000, 0x0000000086900000|100%| O|Cm|TAMS 0x0000000086800000| PB 0x0000000086800000| Complete |  0
| 105|0x0000000086900000, 0x0000000086a00000, 0x0000000086a00000|100%| O|  |TAMS 0x0000000086900000| PB 0x0000000086900000| Untracked |  0
| 106|0x0000000086a00000, 0x0000000086a00000, 0x0000000086b00000|  0%| F|  |TAMS 0x0000000086a00000| PB 0x0000000086a00000| Untracked |  0
| 107|0x0000000086b00000, 0x0000000086c00000, 0x0000000086c00000|100%| O|  |TAMS 0x0000000086b00000| PB 0x0000000086b00000| Untracked |  0
| 108|0x0000000086c00000, 0x0000000086d00000, 0x0000000086d00000|100%| O|  |TAMS 0x0000000086c00000| PB 0x0000000086c00000| Untracked |  0
| 109|0x0000000086d00000, 0x0000000086e00000, 0x0000000086e00000|100%| O|  |TAMS 0x0000000086d00000| PB 0x0000000086d00000| Untracked |  0
| 110|0x0000000086e00000, 0x0000000086f00000, 0x0000000086f00000|100%| O|  |TAMS 0x0000000086e00000| PB 0x0000000086e00000| Untracked |  0
| 111|0x0000000086f00000, 0x0000000087000000, 0x0000000087000000|100%| O|  |TAMS 0x0000000086f00000| PB 0x0000000086f00000| Untracked |  0
| 112|0x0000000087000000, 0x0000000087100000, 0x0000000087100000|100%| O|Cm|TAMS 0x0000000087000000| PB 0x0000000087000000| Complete |  0
| 113|0x0000000087100000, 0x0000000087200000, 0x0000000087200000|100%| O|  |TAMS 0x0000000087100000| PB 0x0000000087100000| Untracked |  0
| 114|0x0000000087200000, 0x0000000087200000, 0x0000000087300000|  0%| F|  |TAMS 0x0000000087200000| PB 0x0000000087200000| Untracked |  0
| 115|0x0000000087300000, 0x0000000087400000, 0x0000000087400000|100%| O|  |TAMS 0x0000000087300000| PB 0x0000000087300000| Untracked |  0
| 116|0x0000000087400000, 0x0000000087500000, 0x0000000087500000|100%| O|  |TAMS 0x0000000087400000| PB 0x0000000087400000| Untracked |  0
| 117|0x0000000087500000, 0x0000000087600000, 0x0000000087600000|100%| O|  |TAMS 0x0000000087500000| PB 0x0000000087500000| Untracked |  0
| 118|0x0000000087600000, 0x0000000087700000, 0x0000000087700000|100%| O|  |TAMS 0x0000000087600000| PB 0x0000000087600000| Untracked |  0
| 119|0x0000000087700000, 0x0000000087800000, 0x0000000087800000|100%|HS|  |TAMS 0x0000000087700000| PB 0x0000000087700000| Complete |  0
| 120|0x0000000087800000, 0x0000000087900000, 0x0000000087900000|100%|HC|  |TAMS 0x0000000087800000| PB 0x0000000087800000| Complete |  0
| 121|0x0000000087900000, 0x0000000087a00000, 0x0000000087a00000|100%|HS|  |TAMS 0x0000000087900000| PB 0x0000000087900000| Complete |  0
| 122|0x0000000087a00000, 0x0000000087b00000, 0x0000000087b00000|100%|HC|  |TAMS 0x0000000087a00000| PB 0x0000000087a00000| Complete |  0
| 123|0x0000000087b00000, 0x0000000087c00000, 0x0000000087c00000|100%|HS|  |TAMS 0x0000000087b00000| PB 0x0000000087b00000| Complete |  0
| 124|0x0000000087c00000, 0x0000000087d00000, 0x0000000087d00000|100%|HC|  |TAMS 0x0000000087c00000| PB 0x0000000087c00000| Complete |  0
| 125|0x0000000087d00000, 0x0000000087e00000, 0x0000000087e00000|100%|HS|  |TAMS 0x0000000087d00000| PB 0x0000000087d00000| Complete |  0
| 126|0x0000000087e00000, 0x0000000087f00000, 0x0000000087f00000|100%|HC|  |TAMS 0x0000000087e00000| PB 0x0000000087e00000| Complete |  0
| 127|0x0000000087f00000, 0x0000000088000000, 0x0000000088000000|100%|HS|  |TAMS 0x0000000087f00000| PB 0x0000000087f00000| Complete |  0
| 128|0x0000000088000000, 0x0000000088100000, 0x0000000088100000|100%|HC|  |TAMS 0x0000000088000000| PB 0x0000000088000000| Complete |  0
| 129|0x0000000088100000, 0x0000000088200000, 0x0000000088200000|100%|HS|  |TAMS 0x0000000088100000| PB 0x0000000088100000| Complete |  0
| 130|0x0000000088200000, 0x0000000088300000, 0x0000000088300000|100%|HC|  |TAMS 0x0000000088200000| PB 0x0000000088200000| Complete |  0
| 131|0x0000000088300000, 0x0000000088400000, 0x0000000088400000|100%|HS|  |TAMS 0x0000000088300000| PB 0x0000000088300000| Complete |  0
| 132|0x0000000088400000, 0x0000000088500000, 0x0000000088500000|100%|HC|  |TAMS 0x0000000088400000| PB 0x0000000088400000| Complete |  0
| 133|0x0000000088500000, 0x0000000088600000, 0x0000000088600000|100%|HS|  |TAMS 0x0000000088500000| PB 0x0000000088500000| Complete |  0
| 134|0x0000000088600000, 0x0000000088700000, 0x0000000088700000|100%|HC|  |TAMS 0x0000000088600000| PB 0x0000000088600000| Complete |  0
| 135|0x0000000088700000, 0x0000000088800000, 0x0000000088800000|100%|HS|  |TAMS 0x0000000088700000| PB 0x0000000088700000| Complete |  0
| 136|0x0000000088800000, 0x0000000088900000, 0x0000000088900000|100%|HC|  |TAMS 0x0000000088800000| PB 0x0000000088800000| Complete |  0
| 137|0x0000000088900000, 0x0000000088a00000, 0x0000000088a00000|100%|HS|  |TAMS 0x0000000088900000| PB 0x0000000088900000| Complete |  0
| 138|0x0000000088a00000, 0x0000000088b00000, 0x0000000088b00000|100%|HC|  |TAMS 0x0000000088a00000| PB 0x0000000088a00000| Complete |  0
| 139|0x0000000088b00000, 0x0000000088c00000, 0x0000000088c00000|100%|HS|  |TAMS 0x0000000088b00000| PB 0x0000000088b00000| Complete |  0
| 140|0x0000000088c00000, 0x0000000088d00000, 0x0000000088d00000|100%|HC|  |TAMS 0x0000000088c00000| PB 0x0000000088c00000| Complete |  0
| 141|0x0000000088d00000, 0x0000000088e00000, 0x0000000088e00000|100%|HS|  |TAMS 0x0000000088d00000| PB 0x0000000088d00000| Complete |  0
| 142|0x0000000088e00000, 0x0000000088f00000, 0x0000000088f00000|100%|HC|  |TAMS 0x0000000088e00000| PB 0x0000000088e00000| Complete |  0
| 143|0x0000000088f00000, 0x0000000089000000, 0x0000000089000000|100%|HS|  |TAMS 0x0000000088f00000| PB 0x0000000088f00000| Complete |  0
| 144|0x0000000089000000, 0x0000000089100000, 0x0000000089100000|100%|HC|  |TAMS 0x0000000089000000| PB 0x0000000089000000| Complete |  0
| 145|0x0000000089100000, 0x0000000089200000, 0x0000000089200000|100%|HS|  |TAMS 0x0000000089100000| PB 0x0000000089100000| Complete |  0
| 146|0x0000000089200000, 0x0000000089300000, 0x0000000089300000|100%|HC|  |TAMS 0x0000000089200000| PB 0x0000000089200000| Complete |  0
| 147|0x0000000089300000, 0x0000000089400000, 0x0000000089400000|100%|HS|  |TAMS 0x0000000089300000| PB 0x0000000089300000| Complete |  0
| 148|0x0000000089400000, 0x0000000089500000, 0x0000000089500000|100%|HC|  |TAMS 0x0000000089400000| PB 0x0000000089400000| Complete |  0
| 149|0x0000000089500000, 0x0000000089600000, 0x0000000089600000|100%|HS|  |TAMS 0x0000000089500000| PB 0x0000000089500000| Complete |  0
| 150|0x0000000089600000, 0x0000000089700000, 0x0000000089700000|100%|HC|  |TAMS 0x0000000089600000| PB 0x0000000089600000| Complete |  0
| 151|0x0000000089700000, 0x0000000089800000, 0x0000000089800000|100%|HS|  |TAMS 0x0000000089700000| PB 0x0000000089700000| Complete |  0
| 152|0x0000000089800000, 0x0000000089900000, 0x0000000089900000|100%|HC|  |TAMS 0x0000000089800000| PB 0x0000000089800000| Complete |  0
| 153|0x0000000089900000, 0x0000000089a00000, 0x0000000089a00000|100%|HS|  |TAMS 0x0000000089900000| PB 0x0000000089900000| Complete |  0
| 154|0x0000000089a00000, 0x0000000089b00000, 0x0000000089b00000|100%|HC|  |TAMS 0x0000000089a00000| PB 0x0000000089a00000| Complete |  0
| 155|0x0000000089b00000, 0x0000000089c00000, 0x0000000089c00000|100%|HS|  |TAMS 0x0000000089b00000| PB 0x0000000089b00000| Complete |  0
| 156|0x0000000089c00000, 0x0000000089d00000, 0x0000000089d00000|100%|HC|  |TAMS 0x0000000089c00000| PB 0x0000000089c00000| Complete |  0
| 157|0x0000000089d00000, 0x0000000089e00000, 0x0000000089e00000|100%|HS|  |TAMS 0x0000000089d00000| PB 0x0000000089d00000| Complete |  0
| 158|0x0000000089e00000, 0x0000000089f00000, 0x0000000089f00000|100%|HC|  |TAMS 0x0000000089e00000| PB 0x0000000089e00000| Complete |  0
| 159|0x0000000089f00000, 0x000000008a000000, 0x000000008a000000|100%|HS|  |TAMS 0x0000000089f00000| PB 0x0000000089f00000| Complete |  0
| 160|0x000000008a000000, 0x000000008a100000, 0x000000008a100000|100%|HC|  |TAMS 0x000000008a000000| PB 0x000000008a000000| Complete |  0
| 161|0x000000008a100000, 0x000000008a200000, 0x000000008a200000|100%|HS|  |TAMS 0x000000008a100000| PB 0x000000008a100000| Complete |  0
| 162|0x000000008a200000, 0x000000008a300000, 0x000000008a300000|100%|HC|  |TAMS 0x000000008a200000| PB 0x000000008a200000| Complete |  0
| 163|0x000000008a300000, 0x000000008a400000, 0x000000008a400000|100%|HS|  |TAMS 0x000000008a300000| PB 0x000000008a300000| Complete |  0
| 164|0x000000008a400000, 0x000000008a500000, 0x000000008a500000|100%|HC|  |TAMS 0x000000008a400000| PB 0x000000008a400000| Complete |  0
| 165|0x000000008a500000, 0x000000008a600000, 0x000000008a600000|100%|HS|  |TAMS 0x000000008a500000| PB 0x000000008a500000| Complete |  0
| 166|0x000000008a600000, 0x000000008a700000, 0x000000008a700000|100%|HC|  |TAMS 0x000000008a600000| PB 0x000000008a600000| Complete |  0
| 167|0x000000008a700000, 0x000000008a800000, 0x000000008a800000|100%|HS|  |TAMS 0x000000008a700000| PB 0x000000008a700000| Complete |  0
| 168|0x000000008a800000, 0x000000008a900000, 0x000000008a900000|100%|HC|  |TAMS 0x000000008a800000| PB 0x000000008a800000| Complete |  0
| 169|0x000000008a900000, 0x000000008a989170, 0x000000008aa00000| 53%| S|CS|TAMS 0x000000008a900000| PB 0x000000008a900000| Complete |  0
| 170|0x000000008aa00000, 0x000000008ab00000, 0x000000008ab00000|100%| S|CS|TAMS 0x000000008aa00000| PB 0x000000008aa00000| Complete |  0
| 171|0x000000008ab00000, 0x000000008ac00000, 0x000000008ac00000|100%| S|CS|TAMS 0x000000008ab00000| PB 0x000000008ab00000| Complete |  0
| 172|0x000000008ac00000, 0x000000008ad00000, 0x000000008ad00000|100%| S|CS|TAMS 0x000000008ac00000| PB 0x000000008ac00000| Complete |  0
| 173|0x000000008ad00000, 0x000000008ae00000, 0x000000008ae00000|100%| S|CS|TAMS 0x000000008ad00000| PB 0x000000008ad00000| Complete |  0
| 174|0x000000008ae00000, 0x000000008af00000, 0x000000008af00000|100%| S|CS|TAMS 0x000000008ae00000| PB 0x000000008ae00000| Complete |  0
| 175|0x000000008af00000, 0x000000008af00000, 0x000000008b000000|  0%| F|  |TAMS 0x000000008af00000| PB 0x000000008af00000| Untracked |  0
| 176|0x000000008b000000, 0x000000008b000000, 0x000000008b100000|  0%| F|  |TAMS 0x000000008b000000| PB 0x000000008b000000| Untracked |  0
| 177|0x000000008b100000, 0x000000008b100000, 0x000000008b200000|  0%| F|  |TAMS 0x000000008b100000| PB 0x000000008b100000| Untracked |  0
| 178|0x000000008b200000, 0x000000008b200000, 0x000000008b300000|  0%| F|  |TAMS 0x000000008b200000| PB 0x000000008b200000| Untracked |  0
| 179|0x000000008b300000, 0x000000008b300000, 0x000000008b400000|  0%| F|  |TAMS 0x000000008b300000| PB 0x000000008b300000| Untracked |  0
| 180|0x000000008b400000, 0x000000008b469618, 0x000000008b500000| 41%| E|  |TAMS 0x000000008b400000| PB 0x000000008b400000| Complete |  0
| 181|0x000000008b500000, 0x000000008b600000, 0x000000008b600000|100%| E|CS|TAMS 0x000000008b500000| PB 0x000000008b500000| Complete |  0
| 182|0x000000008b600000, 0x000000008b700000, 0x000000008b700000|100%| E|CS|TAMS 0x000000008b600000| PB 0x000000008b600000| Complete |  0
| 183|0x000000008b700000, 0x000000008b800000, 0x000000008b800000|100%| E|CS|TAMS 0x000000008b700000| PB 0x000000008b700000| Complete |  0
| 184|0x000000008b800000, 0x000000008b900000, 0x000000008b900000|100%| E|CS|TAMS 0x000000008b800000| PB 0x000000008b800000| Complete |  0
| 185|0x000000008b900000, 0x000000008ba00000, 0x000000008ba00000|100%| E|CS|TAMS 0x000000008b900000| PB 0x000000008b900000| Complete |  0
| 186|0x000000008ba00000, 0x000000008bb00000, 0x000000008bb00000|100%| E|CS|TAMS 0x000000008ba00000| PB 0x000000008ba00000| Complete |  0
| 187|0x000000008bb00000, 0x000000008bc00000, 0x000000008bc00000|100%| E|CS|TAMS 0x000000008bb00000| PB 0x000000008bb00000| Complete |  0
| 188|0x000000008bc00000, 0x000000008bd00000, 0x000000008bd00000|100%| E|CS|TAMS 0x000000008bc00000| PB 0x000000008bc00000| Complete |  0
| 189|0x000000008bd00000, 0x000000008be00000, 0x000000008be00000|100%| E|CS|TAMS 0x000000008bd00000| PB 0x000000008bd00000| Complete |  0
| 190|0x000000008be00000, 0x000000008bf00000, 0x000000008bf00000|100%| E|CS|TAMS 0x000000008be00000| PB 0x000000008be00000| Complete |  0
| 191|0x000000008bf00000, 0x000000008c000000, 0x000000008c000000|100%| E|CS|TAMS 0x000000008bf00000| PB 0x000000008bf00000| Complete |  0
| 192|0x000000008c000000, 0x000000008c100000, 0x000000008c100000|100%| E|CS|TAMS 0x000000008c000000| PB 0x000000008c000000| Complete |  0
| 193|0x000000008c100000, 0x000000008c200000, 0x000000008c200000|100%| E|CS|TAMS 0x000000008c100000| PB 0x000000008c100000| Complete |  0
| 194|0x000000008c200000, 0x000000008c300000, 0x000000008c300000|100%| E|CS|TAMS 0x000000008c200000| PB 0x000000008c200000| Complete |  0
| 195|0x000000008c300000, 0x000000008c400000, 0x000000008c400000|100%| E|CS|TAMS 0x000000008c300000| PB 0x000000008c300000| Complete |  0
| 196|0x000000008c400000, 0x000000008c500000, 0x000000008c500000|100%| E|CS|TAMS 0x000000008c400000| PB 0x000000008c400000| Complete |  0
| 197|0x000000008c500000, 0x000000008c600000, 0x000000008c600000|100%| E|CS|TAMS 0x000000008c500000| PB 0x000000008c500000| Complete |  0
| 198|0x000000008c600000, 0x000000008c700000, 0x000000008c700000|100%| E|CS|TAMS 0x000000008c600000| PB 0x000000008c600000| Complete |  0
| 199|0x000000008c700000, 0x000000008c800000, 0x000000008c800000|100%| E|CS|TAMS 0x000000008c700000| PB 0x000000008c700000| Complete |  0
| 200|0x000000008c800000, 0x000000008c900000, 0x000000008c900000|100%| E|CS|TAMS 0x000000008c800000| PB 0x000000008c800000| Complete |  0
| 201|0x000000008c900000, 0x000000008ca00000, 0x000000008ca00000|100%| E|CS|TAMS 0x000000008c900000| PB 0x000000008c900000| Complete |  0
| 202|0x000000008ca00000, 0x000000008cb00000, 0x000000008cb00000|100%| E|CS|TAMS 0x000000008ca00000| PB 0x000000008ca00000| Complete |  0
| 203|0x000000008cb00000, 0x000000008cc00000, 0x000000008cc00000|100%| E|CS|TAMS 0x000000008cb00000| PB 0x000000008cb00000| Complete |  0
| 204|0x000000008cc00000, 0x000000008cd00000, 0x000000008cd00000|100%| E|CS|TAMS 0x000000008cc00000| PB 0x000000008cc00000| Complete |  0
| 205|0x000000008cd00000, 0x000000008ce00000, 0x000000008ce00000|100%| E|CS|TAMS 0x000000008cd00000| PB 0x000000008cd00000| Complete |  0
| 206|0x000000008ce00000, 0x000000008cf00000, 0x000000008cf00000|100%| E|CS|TAMS 0x000000008ce00000| PB 0x000000008ce00000| Complete |  0
| 207|0x000000008cf00000, 0x000000008d000000, 0x000000008d000000|100%| E|CS|TAMS 0x000000008cf00000| PB 0x000000008cf00000| Complete |  0
| 208|0x000000008d000000, 0x000000008d100000, 0x000000008d100000|100%| E|CS|TAMS 0x000000008d000000| PB 0x000000008d000000| Complete |  0
| 209|0x000000008d100000, 0x000000008d200000, 0x000000008d200000|100%| E|CS|TAMS 0x000000008d100000| PB 0x000000008d100000| Complete |  0
| 210|0x000000008d200000, 0x000000008d300000, 0x000000008d300000|100%| E|CS|TAMS 0x000000008d200000| PB 0x000000008d200000| Complete |  0
| 211|0x000000008d300000, 0x000000008d400000, 0x000000008d400000|100%| E|CS|TAMS 0x000000008d300000| PB 0x000000008d300000| Complete |  0
| 212|0x000000008d400000, 0x000000008d500000, 0x000000008d500000|100%| E|CS|TAMS 0x000000008d400000| PB 0x000000008d400000| Complete |  0
| 213|0x000000008d500000, 0x000000008d600000, 0x000000008d600000|100%| E|CS|TAMS 0x000000008d500000| PB 0x000000008d500000| Complete |  0
| 214|0x000000008d600000, 0x000000008d700000, 0x000000008d700000|100%| E|CS|TAMS 0x000000008d600000| PB 0x000000008d600000| Complete |  0
| 215|0x000000008d700000, 0x000000008d800000, 0x000000008d800000|100%| E|CS|TAMS 0x000000008d700000| PB 0x000000008d700000| Complete |  0
| 216|0x000000008d800000, 0x000000008d900000, 0x000000008d900000|100%| E|CS|TAMS 0x000000008d800000| PB 0x000000008d800000| Complete |  0
| 217|0x000000008d900000, 0x000000008da00000, 0x000000008da00000|100%| E|CS|TAMS 0x000000008d900000| PB 0x000000008d900000| Complete |  0
| 218|0x000000008da00000, 0x000000008db00000, 0x000000008db00000|100%| E|CS|TAMS 0x000000008da00000| PB 0x000000008da00000| Complete |  0
| 219|0x000000008db00000, 0x000000008dc00000, 0x000000008dc00000|100%| E|CS|TAMS 0x000000008db00000| PB 0x000000008db00000| Complete |  0
| 220|0x000000008dc00000, 0x000000008dd00000, 0x000000008dd00000|100%| E|CS|TAMS 0x000000008dc00000| PB 0x000000008dc00000| Complete |  0
| 221|0x000000008dd00000, 0x000000008de00000, 0x000000008de00000|100%| E|CS|TAMS 0x000000008dd00000| PB 0x000000008dd00000| Complete |  0
| 222|0x000000008de00000, 0x000000008df00000, 0x000000008df00000|100%| E|CS|TAMS 0x000000008de00000| PB 0x000000008de00000| Complete |  0
| 223|0x000000008df00000, 0x000000008e000000, 0x000000008e000000|100%| E|CS|TAMS 0x000000008df00000| PB 0x000000008df00000| Complete |  0
| 224|0x000000008e000000, 0x000000008e100000, 0x000000008e100000|100%| E|CS|TAMS 0x000000008e000000| PB 0x000000008e000000| Complete |  0
| 225|0x000000008e100000, 0x000000008e200000, 0x000000008e200000|100%| E|CS|TAMS 0x000000008e100000| PB 0x000000008e100000| Complete |  0
| 226|0x000000008e200000, 0x000000008e300000, 0x000000008e300000|100%| E|CS|TAMS 0x000000008e200000| PB 0x000000008e200000| Complete |  0
| 227|0x000000008e300000, 0x000000008e400000, 0x000000008e400000|100%| E|CS|TAMS 0x000000008e300000| PB 0x000000008e300000| Complete |  0
| 228|0x000000008e400000, 0x000000008e500000, 0x000000008e500000|100%| E|CS|TAMS 0x000000008e400000| PB 0x000000008e400000| Complete |  0
| 229|0x000000008e500000, 0x000000008e600000, 0x000000008e600000|100%| E|CS|TAMS 0x000000008e500000| PB 0x000000008e500000| Complete |  0
| 230|0x000000008e600000, 0x000000008e700000, 0x000000008e700000|100%| E|CS|TAMS 0x000000008e600000| PB 0x000000008e600000| Complete |  0
| 231|0x000000008e700000, 0x000000008e800000, 0x000000008e800000|100%| E|CS|TAMS 0x000000008e700000| PB 0x000000008e700000| Complete |  0
| 232|0x000000008e800000, 0x000000008e900000, 0x000000008e900000|100%| E|CS|TAMS 0x000000008e800000| PB 0x000000008e800000| Complete |  0
| 233|0x000000008e900000, 0x000000008ea00000, 0x000000008ea00000|100%| E|CS|TAMS 0x000000008e900000| PB 0x000000008e900000| Complete |  0
| 234|0x000000008ea00000, 0x000000008eb00000, 0x000000008eb00000|100%| E|CS|TAMS 0x000000008ea00000| PB 0x000000008ea00000| Complete |  0
| 235|0x000000008eb00000, 0x000000008ec00000, 0x000000008ec00000|100%| E|CS|TAMS 0x000000008eb00000| PB 0x000000008eb00000| Complete |  0
| 236|0x000000008ec00000, 0x000000008ed00000, 0x000000008ed00000|100%| E|CS|TAMS 0x000000008ec00000| PB 0x000000008ec00000| Complete |  0
| 237|0x000000008ed00000, 0x000000008ee00000, 0x000000008ee00000|100%| E|CS|TAMS 0x000000008ed00000| PB 0x000000008ed00000| Complete |  0
| 238|0x000000008ee00000, 0x000000008ef00000, 0x000000008ef00000|100%| E|CS|TAMS 0x000000008ee00000| PB 0x000000008ee00000| Complete |  0
| 239|0x000000008ef00000, 0x000000008f000000, 0x000000008f000000|100%| E|CS|TAMS 0x000000008ef00000| PB 0x000000008ef00000| Complete |  0
| 240|0x000000008f000000, 0x000000008f100000, 0x000000008f100000|100%| E|CS|TAMS 0x000000008f000000| PB 0x000000008f000000| Complete |  0
| 241|0x000000008f100000, 0x000000008f200000, 0x000000008f200000|100%| E|CS|TAMS 0x000000008f100000| PB 0x000000008f100000| Complete |  0
| 242|0x000000008f200000, 0x000000008f300000, 0x000000008f300000|100%| E|CS|TAMS 0x000000008f200000| PB 0x000000008f200000| Complete |  0
| 243|0x000000008f300000, 0x000000008f400000, 0x000000008f400000|100%| E|CS|TAMS 0x000000008f300000| PB 0x000000008f300000| Complete |  0
| 244|0x000000008f400000, 0x000000008f500000, 0x000000008f500000|100%| E|CS|TAMS 0x000000008f400000| PB 0x000000008f400000| Complete |  0
| 245|0x000000008f500000, 0x000000008f600000, 0x000000008f600000|100%| E|CS|TAMS 0x000000008f500000| PB 0x000000008f500000| Complete |  0
| 246|0x000000008f600000, 0x000000008f700000, 0x000000008f700000|100%| E|CS|TAMS 0x000000008f600000| PB 0x000000008f600000| Complete |  0
| 247|0x000000008f700000, 0x000000008f800000, 0x000000008f800000|100%| E|  |TAMS 0x000000008f700000| PB 0x000000008f700000| Complete |  0
| 248|0x000000008f800000, 0x000000008f900000, 0x000000008f900000|100%| E|CS|TAMS 0x000000008f800000| PB 0x000000008f800000| Complete |  0
| 249|0x000000008f900000, 0x000000008fa00000, 0x000000008fa00000|100%| E|CS|TAMS 0x000000008f900000| PB 0x000000008f900000| Complete |  0
| 250|0x000000008fa00000, 0x000000008fb00000, 0x000000008fb00000|100%| E|CS|TAMS 0x000000008fa00000| PB 0x000000008fa00000| Complete |  0
| 251|0x000000008fb00000, 0x000000008fc00000, 0x000000008fc00000|100%| E|CS|TAMS 0x000000008fb00000| PB 0x000000008fb00000| Complete |  0
| 252|0x000000008fc00000, 0x000000008fd00000, 0x000000008fd00000|100%| E|CS|TAMS 0x000000008fc00000| PB 0x000000008fc00000| Complete |  0
| 253|0x000000008fd00000, 0x000000008fe00000, 0x000000008fe00000|100%| E|CS|TAMS 0x000000008fd00000| PB 0x000000008fd00000| Complete |  0
| 254|0x000000008fe00000, 0x000000008ff00000, 0x000000008ff00000|100%| E|CS|TAMS 0x000000008fe00000| PB 0x000000008fe00000| Complete |  0
| 255|0x000000008ff00000, 0x0000000090000000, 0x0000000090000000|100%| E|CS|TAMS 0x000000008ff00000| PB 0x000000008ff00000| Complete |  0
| 256|0x0000000090000000, 0x0000000090100000, 0x0000000090100000|100%| E|CS|TAMS 0x0000000090000000| PB 0x0000000090000000| Complete |  0
| 257|0x0000000090100000, 0x0000000090200000, 0x0000000090200000|100%| E|CS|TAMS 0x0000000090100000| PB 0x0000000090100000| Complete |  0
| 258|0x0000000090200000, 0x0000000090300000, 0x0000000090300000|100%| E|CS|TAMS 0x0000000090200000| PB 0x0000000090200000| Complete |  0
| 259|0x0000000090300000, 0x0000000090400000, 0x0000000090400000|100%| E|CS|TAMS 0x0000000090300000| PB 0x0000000090300000| Complete |  0
| 260|0x0000000090400000, 0x0000000090500000, 0x0000000090500000|100%| E|CS|TAMS 0x0000000090400000| PB 0x0000000090400000| Complete |  0
| 261|0x0000000090500000, 0x0000000090600000, 0x0000000090600000|100%| E|CS|TAMS 0x0000000090500000| PB 0x0000000090500000| Complete |  0
| 262|0x0000000090600000, 0x0000000090700000, 0x0000000090700000|100%| E|CS|TAMS 0x0000000090600000| PB 0x0000000090600000| Complete |  0
| 263|0x0000000090700000, 0x0000000090800000, 0x0000000090800000|100%| E|CS|TAMS 0x0000000090700000| PB 0x0000000090700000| Complete |  0
| 264|0x0000000090800000, 0x0000000090900000, 0x0000000090900000|100%| E|CS|TAMS 0x0000000090800000| PB 0x0000000090800000| Complete |  0
| 265|0x0000000090900000, 0x0000000090a00000, 0x0000000090a00000|100%| E|CS|TAMS 0x0000000090900000| PB 0x0000000090900000| Complete |  0
| 266|0x0000000090a00000, 0x0000000090b00000, 0x0000000090b00000|100%| E|CS|TAMS 0x0000000090a00000| PB 0x0000000090a00000| Complete |  0
| 267|0x0000000090b00000, 0x0000000090c00000, 0x0000000090c00000|100%| E|CS|TAMS 0x0000000090b00000| PB 0x0000000090b00000| Complete |  0
|2042|0x00000000ffa00000, 0x00000000ffb00000, 0x00000000ffb00000|100%| O|  |TAMS 0x00000000ffa00000| PB 0x00000000ffa00000| Untracked |  0
|2043|0x00000000ffb00000, 0x00000000ffc00000, 0x00000000ffc00000|100%| O|Cm|TAMS 0x00000000ffb00000| PB 0x00000000ffb00000| Complete |  0
|2044|0x00000000ffc00000, 0x00000000ffd00000, 0x00000000ffd00000|100%| E|CS|TAMS 0x00000000ffc00000| PB 0x00000000ffc00000| Complete |  0
|2045|0x00000000ffd00000, 0x00000000ffe00000, 0x00000000ffe00000|100%| E|CS|TAMS 0x00000000ffd00000| PB 0x00000000ffd00000| Complete |  0
|2046|0x00000000ffe00000, 0x00000000fff00000, 0x00000000fff00000|100%| O|  |TAMS 0x00000000ffe00000| PB 0x00000000ffe00000| Untracked |  0
|2047|0x00000000fff00000, 0x0000000100000000, 0x0000000100000000|100%| O|  |TAMS 0x00000000fff00000| PB 0x00000000fff00000| Untracked |  0

Card table byte_map: [0x0000018cf8d60000,0x0000018cf9160000] _byte_map_base: 0x0000018cf8960000

Marking Bits: (CMBitMap*) 0x0000018ce64b27f0
 Bits: [0x0000018cf9160000, 0x0000018cfb160000)

Polling page: 0x0000018ce41c0000

Metaspace:
Metaspace        used 117342K, committed 119296K, reserved 1179648K
 class space     used 16569K, committed 17536K, reserved 1048576K

Usage:
  Non-class:     98.41 MB used.
      Class:     16.18 MB used.
       Both:    114.59 MB used.

Virtual space:
  Non-class space:      128.00 MB reserved,      99.38 MB ( 78%) committed,  2 nodes.
      Class space:        1.00 GB reserved,      17.12 MB (  2%) committed,  1 nodes.
             Both:        1.12 GB reserved,     116.50 MB ( 10%) committed. 

Chunk freelists:
   Non-Class:  11.95 MB
       Class:  14.86 MB
        Both:  26.82 MB

MaxMetaspaceSize: unlimited
CompressedClassSpaceSize: 1.00 GB
Initial GC threshold: 21.00 MB
Current GC threshold: 193.38 MB
CDS: off
 - commit_granule_bytes: 65536.
 - commit_granule_words: 8192.
 - virtual_space_node_default_size: 8388608.
 - enlarge_chunks_in_place: 1.
UseCompressedClassPointers 1, UseCompactObjectHeaders 0
Narrow klass pointer bits 32, Max shift 3
Narrow klass base: 0x0000000000000000, Narrow klass shift: 0
Encoding Range: [0x0000000000000000 - 0x0000000100000000), (4294967296 bytes)
Klass Range:    [0x0000000029000000 - 0x0000000069000000), (1073741824 bytes)
Klass ID Range:  [687865856 - 1761607673) (1073741817)
No protection zone.


Internal statistics:

num_allocs_failed_limit: 8.
num_arena_births: 3730.
num_arena_deaths: 12.
num_vsnodes_births: 3.
num_vsnodes_deaths: 0.
num_space_committed: 1863.
num_space_uncommitted: 0.
num_chunks_returned_to_freelist: 25.
num_chunks_taken_from_freelist: 8542.
num_chunk_merges: 5.
num_chunk_splits: 5557.
num_chunks_enlarged: 3466.
num_inconsistent_stats: 0.

CodeHeap 'non-profiled nmethods': size=120064Kb used=9506Kb max_used=9723Kb free=110557Kb
 bounds [0x0000018cf1420000, 0x0000018cf1dc0000, 0x0000018cf8960000]
CodeHeap 'profiled nmethods': size=120064Kb used=21785Kb max_used=26727Kb free=98278Kb
 bounds [0x0000018ce9940000, 0x0000018ceb360000, 0x0000018cf0e80000]
CodeHeap 'non-nmethods': size=5760Kb used=2288Kb max_used=2425Kb free=3471Kb
 bounds [0x0000018cf0e80000, 0x0000018cf10f0000, 0x0000018cf1420000]
CodeCache: size=245888Kb, used=33579Kb, max_used=38875Kb, free=212306Kb
 total_blobs=14849, nmethods=13929, adapters=820, full_count=0
Compilation: enabled, stopped_count=0, restarted_count=0

Compilation events (20 events):
Event: 95.557 Thread 0x0000018cfdf56d60 21299       4       org.gradle.internal.hash.Hashing$MessageDigestHashFunction::newHasher (12 bytes)
Event: 95.558 Thread 0x0000018cfdf56d60 nmethod 21299 0x0000018cf15acc08 code [0x0000018cf15acd00, 0x0000018cf15acf18]
Event: 95.558 Thread 0x0000018cfd78a980 21303       1       org.gradle.internal.logging.sink.ProgressLogEventGenerator::access$300 (5 bytes)
Event: 95.559 Thread 0x0000018cfd78a980 nmethod 21303 0x0000018cf16e4108 code [0x0000018cf16e4200, 0x0000018cf16e42a8]
Event: 95.560 Thread 0x0000018cfd78a980 21304       3       org.gradle.internal.build.event.types.AbstractTaskResult::<init> (21 bytes)
Event: 95.560 Thread 0x0000018cfd78a980 nmethod 21304 0x0000018cea1d6108 code [0x0000018cea1d6200, 0x0000018cea1d6488]
Event: 95.563 Thread 0x0000018cfdf56d60 21305       4       java.util.stream.AbstractPipeline::<init> (76 bytes)
Event: 95.564 Thread 0x0000018cfdf56d60 nmethod 21305 0x0000018cf14d9488 code [0x0000018cf14d9580, 0x0000018cf14d9a00]
Event: 95.567 Thread 0x0000018cfd78a980 21306       3       org.gradle.api.internal.collections.CollectionFilter::filter (39 bytes)
Event: 95.567 Thread 0x0000018cfd78a980 nmethod 21306 0x0000018ce9e36308 code [0x0000018ce9e36400, 0x0000018ce9e36a18]
Event: 95.567 Thread 0x0000018cfdf56d60 21307       4       java.io.ObjectOutputStream::writeClassDesc (60 bytes)
Event: 95.690 Thread 0x0000018cfd78a980 21308       3       org.gradle.api.services.internal.DefaultBuildServicesRegistry$$Lambda/0x0000000029abccb0::isSatisfiedBy (16 bytes)
Event: 95.690 Thread 0x0000018cfd78a980 nmethod 21308 0x0000018ce9e43488 code [0x0000018ce9e43580, 0x0000018ce9e437a0]
Event: 95.690 Thread 0x0000018cfd78a980 21309       3       org.gradle.api.services.internal.DefaultBuildServicesRegistry::lambda$findRegistrations$1 (42 bytes)
Event: 95.691 Thread 0x0000018cfd78a980 nmethod 21309 0x0000018ce9de4688 code [0x0000018ce9de4780, 0x0000018ce9de4fa8]
Event: 95.691 Thread 0x0000018cfd78a980 21310       3       org.gradle.api.services.internal.BuildServiceProvider::getProvidedType (10 bytes)
Event: 95.691 Thread 0x0000018cfd78a980 nmethod 21310 0x0000018ce9e84088 code [0x0000018ce9e84180, 0x0000018ce9e843f0]
Event: 95.692 Thread 0x0000018cfd78a980 21311       3       org.gradle.tooling.internal.provider.runner.ProgressEventConsumer::started (32 bytes)
Event: 95.692 Thread 0x0000018cfd78a980 nmethod 21311 0x0000018cea252508 code [0x0000018cea252600, 0x0000018cea252a28]
Event: 95.698 Thread 0x0000018cfd78a980 21313       3       org.gradle.api.internal.tasks.properties.DefaultTaskProperties::validateType (10 bytes)

GC Heap Usage History (20 events):
Event: 48.753 {heap Before GC invocations=53 (full 0):
 garbage-first heap   total reserved 2097152K, committed 273408K, used 252792K [0x0000000080000000, 0x0000000100000000)
  region size 1024K, 134 young (137216K), 5 survivors (5120K)
}
Event: 48.757 {heap After GC invocations=54 (full 0):
 garbage-first heap   total reserved 2097152K, committed 273408K, used 118648K [0x0000000080000000, 0x0000000100000000)
  region size 1024K, 3 young (3072K), 3 survivors (3072K)
}
Event: 49.334 {heap Before GC invocations=55 (full 0):
 garbage-first heap   total reserved 2097152K, committed 273408K, used 252792K [0x0000000080000000, 0x0000000100000000)
  region size 1024K, 137 young (140288K), 3 survivors (3072K)
}
Event: 49.336 {heap After GC invocations=56 (full 0):
 garbage-first heap   total reserved 2097152K, committed 273408K, used 114448K [0x0000000080000000, 0x0000000100000000)
  region size 1024K, 2 young (2048K), 2 survivors (2048K)
}
Event: 49.954 {heap Before GC invocations=56 (full 0):
 garbage-first heap   total reserved 2097152K, committed 273408K, used 258832K [0x0000000080000000, 0x0000000100000000)
  region size 1024K, 143 young (146432K), 2 survivors (2048K)
}
Event: 49.959 {heap After GC invocations=57 (full 0):
 garbage-first heap   total reserved 2097152K, committed 273408K, used 112341K [0x0000000080000000, 0x0000000100000000)
  region size 1024K, 3 young (3072K), 3 survivors (3072K)
}
Event: 51.177 {heap Before GC invocations=57 (full 0):
 garbage-first heap   total reserved 2097152K, committed 273408K, used 196309K [0x0000000080000000, 0x0000000100000000)
  region size 1024K, 86 young (88064K), 3 survivors (3072K)
}
Event: 51.181 {heap After GC invocations=58 (full 0):
 garbage-first heap   total reserved 2097152K, committed 273408K, used 113922K [0x0000000080000000, 0x0000000100000000)
  region size 1024K, 4 young (4096K), 4 survivors (4096K)
}
Event: 71.457 {heap Before GC invocations=59 (full 0):
 garbage-first heap   total reserved 2097152K, committed 273408K, used 271618K [0x0000000080000000, 0x0000000100000000)
  region size 1024K, 98 young (100352K), 4 survivors (4096K)
}
Event: 71.472 {heap After GC invocations=60 (full 0):
 garbage-first heap   total reserved 2097152K, committed 278528K, used 115203K [0x0000000080000000, 0x0000000100000000)
  region size 1024K, 5 young (5120K), 5 survivors (5120K)
}
Event: 77.665 {heap Before GC invocations=60 (full 0):
 garbage-first heap   total reserved 2097152K, committed 278528K, used 263683K [0x0000000080000000, 0x0000000100000000)
  region size 1024K, 149 young (152576K), 5 survivors (5120K)
}
Event: 77.680 {heap After GC invocations=61 (full 0):
 garbage-first heap   total reserved 2097152K, committed 280576K, used 122482K [0x0000000080000000, 0x0000000100000000)
  region size 1024K, 14 young (14336K), 14 survivors (14336K)
}
Event: 78.368 {heap Before GC invocations=61 (full 0):
 garbage-first heap   total reserved 2097152K, committed 280576K, used 262770K [0x0000000080000000, 0x0000000100000000)
  region size 1024K, 151 young (154624K), 14 survivors (14336K)
}
Event: 78.377 {heap After GC invocations=62 (full 0):
 garbage-first heap   total reserved 2097152K, committed 280576K, used 120687K [0x0000000080000000, 0x0000000100000000)
  region size 1024K, 7 young (7168K), 7 survivors (7168K)
}
Event: 79.039 {heap Before GC invocations=63 (full 0):
 garbage-first heap   total reserved 2097152K, committed 280576K, used 264047K [0x0000000080000000, 0x0000000100000000)
  region size 1024K, 148 young (151552K), 7 survivors (7168K)
}
Event: 79.045 {heap After GC invocations=64 (full 0):
 garbage-first heap   total reserved 2097152K, committed 280576K, used 119663K [0x0000000080000000, 0x0000000100000000)
  region size 1024K, 7 young (7168K), 7 survivors (7168K)
}
Event: 79.602 {heap Before GC invocations=64 (full 0):
 garbage-first heap   total reserved 2097152K, committed 280576K, used 265071K [0x0000000080000000, 0x0000000100000000)
  region size 1024K, 149 young (152576K), 7 survivors (7168K)
}
Event: 79.609 {heap After GC invocations=65 (full 0):
 garbage-first heap   total reserved 2097152K, committed 280576K, used 116583K [0x0000000080000000, 0x0000000100000000)
  region size 1024K, 6 young (6144K), 6 survivors (6144K)
}
Event: 80.084 {heap Before GC invocations=65 (full 0):
 garbage-first heap   total reserved 2097152K, committed 280576K, used 212839K [0x0000000080000000, 0x0000000100000000)
  region size 1024K, 101 young (103424K), 6 survivors (6144K)
}
Event: 80.088 {heap After GC invocations=66 (full 0):
 garbage-first heap   total reserved 2097152K, committed 280576K, used 116454K [0x0000000080000000, 0x0000000100000000)
  region size 1024K, 6 young (6144K), 6 survivors (6144K)
}

Metaspace Usage History (20 events):
Event: 48.753 {metaspace Before GC invocations=53 (full 0):
 Metaspace       used 116264K, committed 118208K, reserved 1179648K
  class space    used 16535K, committed 17472K, reserved 1048576K
}
Event: 48.757 {metaspace After GC invocations=54 (full 0):
 Metaspace       used 116264K, committed 118208K, reserved 1179648K
  class space    used 16535K, committed 17472K, reserved 1048576K
}
Event: 49.334 {metaspace Before GC invocations=55 (full 0):
 Metaspace       used 116264K, committed 118208K, reserved 1179648K
  class space    used 16535K, committed 17472K, reserved 1048576K
}
Event: 49.336 {metaspace After GC invocations=56 (full 0):
 Metaspace       used 116264K, committed 118208K, reserved 1179648K
  class space    used 16535K, committed 17472K, reserved 1048576K
}
Event: 49.954 {metaspace Before GC invocations=56 (full 0):
 Metaspace       used 116314K, committed 118208K, reserved 1179648K
  class space    used 16535K, committed 17472K, reserved 1048576K
}
Event: 49.959 {metaspace After GC invocations=57 (full 0):
 Metaspace       used 116314K, committed 118208K, reserved 1179648K
  class space    used 16535K, committed 17472K, reserved 1048576K
}
Event: 51.177 {metaspace Before GC invocations=57 (full 0):
 Metaspace       used 116417K, committed 118336K, reserved 1179648K
  class space    used 16539K, committed 17472K, reserved 1048576K
}
Event: 51.181 {metaspace After GC invocations=58 (full 0):
 Metaspace       used 116417K, committed 118336K, reserved 1179648K
  class space    used 16539K, committed 17472K, reserved 1048576K
}
Event: 71.457 {metaspace Before GC invocations=59 (full 0):
 Metaspace       used 116770K, committed 118720K, reserved 1179648K
  class space    used 16548K, committed 17472K, reserved 1048576K
}
Event: 71.472 {metaspace After GC invocations=60 (full 0):
 Metaspace       used 116770K, committed 118720K, reserved 1179648K
  class space    used 16548K, committed 17472K, reserved 1048576K
}
Event: 77.665 {metaspace Before GC invocations=60 (full 0):
 Metaspace       used 116861K, committed 118784K, reserved 1179648K
  class space    used 16548K, committed 17472K, reserved 1048576K
}
Event: 77.681 {metaspace After GC invocations=61 (full 0):
 Metaspace       used 116861K, committed 118784K, reserved 1179648K
  class space    used 16548K, committed 17472K, reserved 1048576K
}
Event: 78.368 {metaspace Before GC invocations=61 (full 0):
 Metaspace       used 116871K, committed 118784K, reserved 1179648K
  class space    used 16548K, committed 17472K, reserved 1048576K
}
Event: 78.377 {metaspace After GC invocations=62 (full 0):
 Metaspace       used 116871K, committed 118784K, reserved 1179648K
  class space    used 16548K, committed 17472K, reserved 1048576K
}
Event: 79.039 {metaspace Before GC invocations=63 (full 0):
 Metaspace       used 116873K, committed 118784K, reserved 1179648K
  class space    used 16548K, committed 17472K, reserved 1048576K
}
Event: 79.045 {metaspace After GC invocations=64 (full 0):
 Metaspace       used 116873K, committed 118784K, reserved 1179648K
  class space    used 16548K, committed 17472K, reserved 1048576K
}
Event: 79.602 {metaspace Before GC invocations=64 (full 0):
 Metaspace       used 116913K, committed 118848K, reserved 1179648K
  class space    used 16548K, committed 17472K, reserved 1048576K
}
Event: 79.609 {metaspace After GC invocations=65 (full 0):
 Metaspace       used 116913K, committed 118848K, reserved 1179648K
  class space    used 16548K, committed 17472K, reserved 1048576K
}
Event: 80.084 {metaspace Before GC invocations=65 (full 0):
 Metaspace       used 117002K, committed 118912K, reserved 1179648K
  class space    used 16548K, committed 17472K, reserved 1048576K
}
Event: 80.088 {metaspace After GC invocations=66 (full 0):
 Metaspace       used 117002K, committed 118912K, reserved 1179648K
  class space    used 16548K, committed 17472K, reserved 1048576K
}

Dll operation events (3 events):
Event: 0.015 Loaded shared library C:\Program Files\Android\Android Studio\jbr\bin\java.dll
Event: 0.020 Loaded shared library C:\Program Files\Android\Android Studio\jbr\bin\zip.dll
Event: 0.802 Loaded shared library C:\Program Files\Android\Android Studio\jbr\bin\verify.dll

Deoptimization events (20 events):
Event: 80.796 Thread 0x0000018cff17c2d0 DEOPT PACKING pc=0x0000018ce9a8eb10 sp=0x00000056091fce50
Event: 80.796 Thread 0x0000018cff17c2d0 DEOPT UNPACKING pc=0x0000018cf0ed12a2 sp=0x00000056091fc2e8 mode 0
Event: 80.903 Thread 0x0000018c851a7c60 Uncommon trap: trap_request=0xffffff45 fr.pc=0x0000018cf1746bf0 relative=0x0000000000000470
Event: 80.903 Thread 0x0000018c851a7c60 Uncommon trap: reason=unstable_if action=reinterpret pc=0x0000018cf1746bf0 method=java.lang.ThreadLocal$ThreadLocalMap.set(Ljava/lang/ThreadLocal;Ljava/lang/Object;)V @ 53 c2
Event: 80.903 Thread 0x0000018c851a7c60 DEOPT PACKING pc=0x0000018cf1746bf0 sp=0x0000005607bfc240
Event: 80.903 Thread 0x0000018c851a7c60 DEOPT UNPACKING pc=0x0000018cf0f12582 sp=0x0000005607bfc0f8 mode 2
Event: 80.991 Thread 0x0000018c851a7c60 Uncommon trap: trap_request=0xffffffbe fr.pc=0x0000018cf17c0b1c relative=0x000000000000011c
Event: 80.991 Thread 0x0000018c851a7c60 Uncommon trap: reason=profile_predicate action=maybe_recompile pc=0x0000018cf17c0b1c method=java.util.HashMap.containsValue(Ljava/lang/Object;)Z @ 31 c2
Event: 80.991 Thread 0x0000018c851a7c60 DEOPT PACKING pc=0x0000018cf17c0b1c sp=0x0000005607bfab20
Event: 80.991 Thread 0x0000018c851a7c60 DEOPT UNPACKING pc=0x0000018cf0f12582 sp=0x0000005607bfaa88 mode 2
Event: 90.899 Thread 0x0000018c851a7c60 Uncommon trap: trap_request=0xffffffde fr.pc=0x0000018cf17ce20c relative=0x000000000000048c
Event: 90.899 Thread 0x0000018c851a7c60 Uncommon trap: reason=class_check action=maybe_recompile pc=0x0000018cf17ce20c method=org.gradle.cache.internal.LockOnDemandCrossProcessCacheAccess.incrementLockCount()V @ 97 c2
Event: 90.899 Thread 0x0000018c851a7c60 DEOPT PACKING pc=0x0000018cf17ce20c sp=0x0000005607bfafe0
Event: 90.899 Thread 0x0000018c851a7c60 DEOPT UNPACKING pc=0x0000018cf0f12582 sp=0x0000005607bfaf70 mode 2
Event: 90.918 Thread 0x0000018c851a7c60 Uncommon trap: trap_request=0xffffffde fr.pc=0x0000018cf1723600 relative=0x0000000000000f00
Event: 90.918 Thread 0x0000018c851a7c60 Uncommon trap: reason=class_check action=maybe_recompile pc=0x0000018cf1723600 method=org.gradle.internal.hash.Hashing$DefaultHasher.putHash(Lorg/gradle/internal/hash/HashCode;)V @ 5 c2
Event: 90.918 Thread 0x0000018c851a7c60 DEOPT PACKING pc=0x0000018cf1723600 sp=0x0000005607bfc4f0
Event: 90.918 Thread 0x0000018c851a7c60 DEOPT UNPACKING pc=0x0000018cf0f12582 sp=0x0000005607bfc4e8 mode 2
Event: 92.226 Thread 0x0000018c851a7c60 DEOPT PACKING pc=0x0000018ceaff0fee sp=0x0000005607bf6a30
Event: 92.372 Thread 0x0000018c851a7c60 DEOPT UNPACKING pc=0x0000018cf0ed12a2 sp=0x0000005607bf5ee8 mode 0

Classes loaded (20 events):
Event: 23.858 Loading class javax/management/InstanceAlreadyExistsException
Event: 23.858 Loading class javax/management/InstanceAlreadyExistsException done
Event: 23.858 Loading class javax/management/MBeanRegistrationException
Event: 23.858 Loading class javax/management/MBeanException
Event: 23.858 Loading class javax/management/MBeanException done
Event: 23.858 Loading class javax/management/MBeanRegistrationException done
Event: 23.858 Loading class javax/management/NotCompliantMBeanException
Event: 23.858 Loading class javax/management/NotCompliantMBeanException done
Event: 23.858 Loading class javax/management/AttributeNotFoundException
Event: 23.858 Loading class javax/management/AttributeNotFoundException done
Event: 23.858 Loading class javax/management/ReflectionException
Event: 23.858 Loading class javax/management/ReflectionException done
Event: 23.858 Loading class javax/management/InstanceNotFoundException
Event: 23.858 Loading class javax/management/InstanceNotFoundException done
Event: 24.001 Loading class java/util/concurrent/CompletableFuture$AsyncRun
Event: 24.006 Loading class java/util/concurrent/CompletableFuture$AsyncRun done
Event: 27.433 Loading class java/util/logging/LogRecord
Event: 27.433 Loading class java/util/logging/LogRecord done
Event: 36.499 Loading class jdk/internal/math/FormattedFPDecimal
Event: 36.499 Loading class jdk/internal/math/FormattedFPDecimal done

Classes unloaded (6 events):
Event: 7.420 Thread 0x0000018cfd7014d0 Unloading class 0x00000000298b9000 'java/lang/invoke/LambdaForm$MH+0x00000000298b9000'
Event: 7.420 Thread 0x0000018cfd7014d0 Unloading class 0x00000000298b8c00 'java/lang/invoke/LambdaForm$DMH+0x00000000298b8c00'
Event: 11.731 Thread 0x0000018cfd7014d0 Unloading class 0x0000000029a59000 'java/lang/invoke/LambdaForm$MH+0x0000000029a59000'
Event: 11.731 Thread 0x0000018cfd7014d0 Unloading class 0x0000000029a58400 'java/lang/invoke/LambdaForm$DMH+0x0000000029a58400'
Event: 11.731 Thread 0x0000018cfd7014d0 Unloading class 0x0000000029a58000 'java/lang/invoke/LambdaForm$DMH+0x0000000029a58000'
Event: 11.731 Thread 0x0000018cfd7014d0 Unloading class 0x0000000029a51000 'java/lang/invoke/LambdaForm$DMH+0x0000000029a51000'

Classes redefined (0 events):
No events

Internal exceptions (20 events):
Event: 91.056 Thread 0x0000018c851a7c60 Exception <a 'sun/nio/fs/WindowsException'{0x000000008e0e5670}> (0x000000008e0e5670) 
thrown [s\src\hotspot\share\prims\jni.cpp, line 535]
Event: 91.057 Thread 0x0000018c851a7c60 Exception <a 'sun/nio/fs/WindowsException'{0x000000008e0e71b0}> (0x000000008e0e71b0) 
thrown [s\src\hotspot\share\prims\jni.cpp, line 535]
Event: 91.060 Thread 0x0000018c851a7c60 Exception <a 'sun/nio/fs/WindowsException'{0x000000008e0e8cf0}> (0x000000008e0e8cf0) 
thrown [s\src\hotspot\share\prims\jni.cpp, line 535]
Event: 91.067 Thread 0x0000018c851a7c60 Exception <a 'sun/nio/fs/WindowsException'{0x000000008e0ea710}> (0x000000008e0ea710) 
thrown [s\src\hotspot\share\prims\jni.cpp, line 535]
Event: 91.067 Thread 0x0000018c851a7c60 Exception <a 'sun/nio/fs/WindowsException'{0x000000008e0ec120}> (0x000000008e0ec120) 
thrown [s\src\hotspot\share\prims\jni.cpp, line 535]
Event: 91.067 Thread 0x0000018c851a7c60 Exception <a 'sun/nio/fs/WindowsException'{0x000000008e0edb80}> (0x000000008e0edb80) 
thrown [s\src\hotspot\share\prims\jni.cpp, line 535]
Event: 91.068 Thread 0x0000018c851a7c60 Exception <a 'sun/nio/fs/WindowsException'{0x000000008e0ef2f8}> (0x000000008e0ef2f8) 
thrown [s\src\hotspot\share\prims\jni.cpp, line 535]
Event: 91.068 Thread 0x0000018c851a7c60 Exception <a 'sun/nio/fs/WindowsException'{0x000000008e0f0b88}> (0x000000008e0f0b88) 
thrown [s\src\hotspot\share\prims\jni.cpp, line 535]
Event: 91.069 Thread 0x0000018c851a7c60 Exception <a 'sun/nio/fs/WindowsException'{0x000000008e0f64a8}> (0x000000008e0f64a8) 
thrown [s\src\hotspot\share\prims\jni.cpp, line 535]
Event: 91.076 Thread 0x0000018c851a7c60 Exception <a 'sun/nio/fs/WindowsException'{0x000000008df6f468}> (0x000000008df6f468) 
thrown [s\src\hotspot\share\prims\jni.cpp, line 535]
Event: 91.152 Thread 0x0000018c851a7c60 Exception <a 'sun/nio/fs/WindowsException'{0x000000008df82cb8}> (0x000000008df82cb8) 
thrown [s\src\hotspot\share\prims\jni.cpp, line 535]
Event: 91.173 Thread 0x0000018c851a7c60 Exception <a 'sun/nio/fs/WindowsException'{0x000000008dfa9608}> (0x000000008dfa9608) 
thrown [s\src\hotspot\share\prims\jni.cpp, line 535]
Event: 91.174 Thread 0x0000018c851a7c60 Exception <a 'sun/nio/fs/WindowsException'{0x000000008dfab128}> (0x000000008dfab128) 
thrown [s\src\hotspot\share\prims\jni.cpp, line 535]
Event: 91.176 Thread 0x0000018c851a7c60 Exception <a 'sun/nio/fs/WindowsException'{0x000000008dfd5cd8}> (0x000000008dfd5cd8) 
thrown [s\src\hotspot\share\prims\jni.cpp, line 535]
Event: 91.177 Thread 0x0000018c851a7c60 Exception <a 'sun/nio/fs/WindowsException'{0x000000008dfd7808}> (0x000000008dfd7808) 
thrown [s\src\hotspot\share\prims\jni.cpp, line 535]
Event: 92.371 Thread 0x0000018c8543df10 Exception <a 'sun/nio/fs/WindowsException'{0x000000008eafe948}> (0x000000008eafe948) 
thrown [s\src\hotspot\share\prims\jni.cpp, line 535]
Event: 92.955 Thread 0x0000018c8543df10 Exception <a 'sun/nio/fs/WindowsException'{0x000000008d20abb8}> (0x000000008d20abb8) 
thrown [s\src\hotspot\share\prims\jni.cpp, line 535]
Event: 95.444 Thread 0x0000018c85ca37b0 Exception <a 'sun/nio/fs/WindowsException'{0x000000008c696398}> (0x000000008c696398) 
thrown [s\src\hotspot\share\prims\jni.cpp, line 535]
Event: 95.474 Thread 0x0000018c85ca37b0 Exception <a 'sun/nio/fs/WindowsException'{0x000000008c6beff0}> (0x000000008c6beff0) 
thrown [s\src\hotspot\share\prims\jni.cpp, line 535]
Event: 95.475 Thread 0x0000018c85ca37b0 Exception <a 'sun/nio/fs/WindowsException'{0x000000008c6bfed0}> (0x000000008c6bfed0) 
thrown [s\src\hotspot\share\prims\jni.cpp, line 535]

VM Operations (20 events):
Event: 70.992 Executing safepoint VM operation: G1CollectForAllocation (G1 Evacuation Pause)
Event: 71.472 Executing safepoint VM operation: G1CollectForAllocation (G1 Evacuation Pause) done
Event: 77.665 Executing safepoint VM operation: G1CollectForAllocation (G1 Evacuation Pause)
Event: 77.681 Executing safepoint VM operation: G1CollectForAllocation (G1 Evacuation Pause) done
Event: 78.368 Executing safepoint VM operation: G1CollectForAllocation (G1 Evacuation Pause)
Event: 78.377 Executing safepoint VM operation: G1CollectForAllocation (G1 Evacuation Pause) done
Event: 78.550 Executing safepoint VM operation: G1PauseRemark
Event: 78.561 Executing safepoint VM operation: G1PauseRemark done
Event: 78.629 Executing safepoint VM operation: G1PauseCleanup
Event: 78.630 Executing safepoint VM operation: G1PauseCleanup done
Event: 79.039 Executing safepoint VM operation: G1CollectForAllocation (G1 Evacuation Pause)
Event: 79.046 Executing safepoint VM operation: G1CollectForAllocation (G1 Evacuation Pause) done
Event: 79.602 Executing safepoint VM operation: G1CollectForAllocation (G1 Evacuation Pause)
Event: 79.609 Executing safepoint VM operation: G1CollectForAllocation (G1 Evacuation Pause) done
Event: 80.084 Executing safepoint VM operation: G1TryInitiateConcMark (G1 Humongous Allocation)
Event: 80.088 Executing safepoint VM operation: G1TryInitiateConcMark (G1 Humongous Allocation) done
Event: 80.235 Executing safepoint VM operation: G1PauseRemark
Event: 80.249 Executing safepoint VM operation: G1PauseRemark done
Event: 80.296 Executing safepoint VM operation: G1PauseCleanup
Event: 80.296 Executing safepoint VM operation: G1PauseCleanup done

Memory protections (0 events):
No events

Nmethod flushes (20 events):
Event: 80.247 Thread 0x0000018cfd7014d0 flushing  nmethod 0x0000018ceab48508
Event: 80.247 Thread 0x0000018cfd7014d0 flushing  nmethod 0x0000018ceac9b808
Event: 80.247 Thread 0x0000018cfd7014d0 flushing  nmethod 0x0000018ceacc5288
Event: 80.247 Thread 0x0000018cfd7014d0 flushing  nmethod 0x0000018ceacc5808
Event: 80.247 Thread 0x0000018cfd7014d0 flushing  nmethod 0x0000018ceaccce88
Event: 80.248 Thread 0x0000018cfd7014d0 flushing  nmethod 0x0000018ceaccd188
Event: 80.248 Thread 0x0000018cfd7014d0 flushing  nmethod 0x0000018ceaccd688
Event: 80.248 Thread 0x0000018cfd7014d0 flushing  nmethod 0x0000018ceaccda88
Event: 80.248 Thread 0x0000018cfd7014d0 flushing  nmethod 0x0000018ceaccdf88
Event: 80.248 Thread 0x0000018cfd7014d0 flushing  nmethod 0x0000018ceacce288
Event: 80.248 Thread 0x0000018cfd7014d0 flushing  nmethod 0x0000018ceacf9308
Event: 80.248 Thread 0x0000018cfd7014d0 flushing  nmethod 0x0000018ceacf9d88
Event: 80.248 Thread 0x0000018cfd7014d0 flushing  nmethod 0x0000018ceacfbf08
Event: 80.248 Thread 0x0000018cfd7014d0 flushing  nmethod 0x0000018cead43088
Event: 80.248 Thread 0x0000018cfd7014d0 flushing  nmethod 0x0000018cead6bf08
Event: 80.248 Thread 0x0000018cfd7014d0 flushing  nmethod 0x0000018ceade0888
Event: 80.248 Thread 0x0000018cfd7014d0 flushing  nmethod 0x0000018ceae19388
Event: 80.248 Thread 0x0000018cfd7014d0 flushing  nmethod 0x0000018ceaf8ac08
Event: 80.248 Thread 0x0000018cfd7014d0 flushing  nmethod 0x0000018ceaf8bf08
Event: 80.248 Thread 0x0000018cfd7014d0 flushing osr nmethod 0x0000018ceb17a288

Events (20 events):
Event: 90.875 Thread 0x0000018c851a7c60 Thread added: 0x0000018c8fae0c20
Event: 90.875 Thread 0x0000018c851a7c60 Thread added: 0x0000018c8fae42d0
Event: 90.887 Thread 0x0000018c851a7c60 Thread added: 0x0000018c8fae6210
Event: 90.891 Thread 0x0000018c851a7c60 Thread added: 0x0000018c8fae3330
Event: 90.895 Thread 0x0000018c851a7c60 Thread added: 0x0000018c8fae90f0
Event: 91.047 Thread 0x0000018c851a7c60 Thread added: 0x0000018c8fae71b0
Event: 91.056 Thread 0x0000018c8fae71b0 Thread exited: 0x0000018c8fae71b0
Event: 91.075 Thread 0x0000018c851a7c60 Thread added: 0x0000018c8fae71b0
Event: 91.151 Thread 0x0000018c851a7c60 Thread added: 0x0000018c8faeb030
Event: 91.370 Thread 0x0000018c851a7c60 Thread added: 0x0000018c8fae8150
Event: 91.785 Thread 0x0000018c851a7c60 Thread added: 0x0000018c85ca5ec0
Event: 91.786 Thread 0x0000018c851a7c60 Thread added: 0x0000018c85ca4f20
Event: 91.786 Thread 0x0000018c851a7c60 Thread added: 0x0000018c85ca2810
Event: 92.053 Thread 0x0000018c8fae8150 Thread exited: 0x0000018c8fae8150
Event: 94.218 Thread 0x0000018c851a7c60 Thread added: 0x0000018c85ca37b0
Event: 95.433 Thread 0x0000018c85ca37b0 Thread added: 0x0000018c841874d0
Event: 95.434 Thread 0x0000018c85ca37b0 Thread added: 0x0000018c84184dc0
Event: 95.434 Thread 0x0000018c85ca37b0 Thread added: 0x0000018c84189be0
Event: 95.435 Thread 0x0000018c85ca37b0 Thread added: 0x0000018c84188470
Event: 95.556 Thread 0x0000018cfd78a980 Thread added: 0x0000018cfdf56d60


Dynamic libraries:
0x00007ff65a680000 - 0x00007ff65a68a000 	C:\Program Files\Android\Android Studio\jbr\bin\java.exe
0x00007ffb31160000 - 0x00007ffb313c7000 	C:\WINDOWS\SYSTEM32\ntdll.dll
0x00007ffb2fca0000 - 0x00007ffb2fd6b000 	C:\WINDOWS\System32\KERNEL32.DLL
0x00007ffb2e920000 - 0x00007ffb2ed21000 	C:\WINDOWS\System32\KERNELBASE.dll
0x00007ffb2e410000 - 0x00007ffb2e55c000 	C:\WINDOWS\System32\ucrtbase.dll
0x00007ffaf3d00000 - 0x00007ffaf3d16000 	C:\Program Files\Android\Android Studio\jbr\bin\jli.dll
0x00007ffb1d690000 - 0x00007ffb1d6ab000 	C:\Program Files\Android\Android Studio\jbr\bin\VCRUNTIME140.dll
0x00007ffb30190000 - 0x00007ffb30367000 	C:\WINDOWS\System32\USER32.dll
0x00007ffb2e8f0000 - 0x00007ffb2e917000 	C:\WINDOWS\System32\win32u.dll
0x00007ffb15150000 - 0x00007ffb153e0000 	C:\WINDOWS\WinSxS\amd64_microsoft.windows.common-controls_6595b64144ccf1df_6.0.26100.9549_none_3e0a0396e3330090\COMCTL32.dll
0x00007ffb2faf0000 - 0x00007ffb2fb1b000 	C:\WINDOWS\System32\GDI32.dll
0x00007ffb30f50000 - 0x00007ffb30ff9000 	C:\WINDOWS\System32\msvcrt.dll
0x00007ffb2e630000 - 0x00007ffb2e758000 	C:\WINDOWS\System32\gdi32full.dll
0x00007ffb2e360000 - 0x00007ffb2e403000 	C:\WINDOWS\System32\msvcp_win.dll
0x00007ffb2f300000 - 0x00007ffb2f331000 	C:\WINDOWS\System32\IMM32.DLL
0x00007ffb1d6c0000 - 0x00007ffb1d6cc000 	C:\Program Files\Android\Android Studio\jbr\bin\vcruntime140_1.dll
0x00007ffac84c0000 - 0x00007ffac854d000 	C:\Program Files\Android\Android Studio\jbr\bin\msvcp140.dll
0x00007ffaa24c0000 - 0x00007ffaa339d000 	C:\Program Files\Android\Android Studio\jbr\bin\server\jvm.dll
0x00007ffb2fb20000 - 0x00007ffb2fbdb000 	C:\WINDOWS\System32\ADVAPI32.dll
0x00007ffb31070000 - 0x00007ffb31118000 	C:\WINDOWS\System32\sechost.dll
0x00007ffb2ef10000 - 0x00007ffb2f028000 	C:\WINDOWS\System32\RPCRT4.dll
0x00007ffb2f250000 - 0x00007ffb2f2d1000 	C:\WINDOWS\System32\WS2_32.dll
0x00007ffb2e1d0000 - 0x00007ffb2e22e000 	C:\WINDOWS\SYSTEM32\POWRPROF.dll
0x00007ffb25e10000 - 0x00007ffb25e47000 	C:\WINDOWS\SYSTEM32\WINMM.dll
0x00007ffb1df00000 - 0x00007ffb1df0b000 	C:\WINDOWS\SYSTEM32\VERSION.dll
0x00007ffb2e1b0000 - 0x00007ffb2e1c5000 	C:\WINDOWS\SYSTEM32\UMPDC.dll
0x00007ffb2cfc0000 - 0x00007ffb2cfdb000 	C:\WINDOWS\SYSTEM32\kernel.appcore.dll
0x00007ffb1d620000 - 0x00007ffb1d62a000 	C:\Program Files\Android\Android Studio\jbr\bin\jimage.dll
0x00007ffb2b980000 - 0x00007ffb2bbcc000 	C:\WINDOWS\SYSTEM32\DBGHELP.DLL
0x00007ffb30bc0000 - 0x00007ffb30f4a000 	C:\WINDOWS\System32\combase.dll
0x00007ffb2f030000 - 0x00007ffb2f109000 	C:\WINDOWS\System32\OLEAUT32.dll
0x00007ffb0ed10000 - 0x00007ffb0ed4b000 	C:\WINDOWS\SYSTEM32\dbgcore.DLL
0x00007ffb2e570000 - 0x00007ffb2e61c000 	C:\WINDOWS\System32\bcryptPrimitives.dll
0x00007ffb142d0000 - 0x00007ffb142de000 	C:\Program Files\Android\Android Studio\jbr\bin\instrument.dll
0x00007ffb1d600000 - 0x00007ffb1d61e000 	C:\Program Files\Android\Android Studio\jbr\bin\java.dll
0x00007ffb30370000 - 0x00007ffb3050a000 	C:\WINDOWS\System32\ole32.dll
0x00007ffb2f340000 - 0x00007ffb2fadc000 	C:\WINDOWS\System32\SHELL32.dll
0x00007ffb13570000 - 0x00007ffb13586000 	C:\Program Files\Android\Android Studio\jbr\bin\zip.dll
0x00007ffb2bd80000 - 0x00007ffb2c62d000 	C:\WINDOWS\SYSTEM32\windows.storage.dll
0x00007ffb30620000 - 0x00007ffb30719000 	C:\WINDOWS\System32\SHCORE.dll
0x00007ffb31000000 - 0x00007ffb31066000 	C:\WINDOWS\System32\shlwapi.dll
0x00007ffb2e270000 - 0x00007ffb2e299000 	C:\WINDOWS\SYSTEM32\profapi.dll
0x00007ffb1d5f0000 - 0x00007ffb1d600000 	C:\Program Files\Android\Android Studio\jbr\bin\net.dll
0x00007ffb2d570000 - 0x00007ffb2d5dc000 	C:\WINDOWS\system32\mswsock.dll
0x00007ffb13550000 - 0x00007ffb13566000 	C:\Program Files\Android\Android Studio\jbr\bin\nio.dll
0x00007ffb12f50000 - 0x00007ffb12f60000 	C:\Program Files\Android\Android Studio\jbr\bin\verify.dll
0x00007ffb0a610000 - 0x00007ffb0a637000 	C:\Users\User\.gradle\native\660c5614fbf4a5f2a75b1949f50a0caf5cd603558e7d8a26e50b933a0cfb79d1\windows-amd64\native-platform.dll
0x00007ffb133a0000 - 0x00007ffb13417000 	C:\Users\User\.gradle\native\0.2.8\x86_64-windows-gnu\gradle-fileevents.dll
0x00007ffb135a0000 - 0x00007ffb135a9000 	C:\Program Files\Android\Android Studio\jbr\bin\management.dll
0x00007ffb13510000 - 0x00007ffb1351b000 	C:\Program Files\Android\Android Studio\jbr\bin\management_ext.dll
0x00007ffb30610000 - 0x00007ffb30618000 	C:\WINDOWS\System32\PSAPI.DLL
0x00007ffb2c970000 - 0x00007ffb2c9a3000 	C:\WINDOWS\SYSTEM32\IPHLPAPI.DLL
0x00007ffb2fc40000 - 0x00007ffb2fc4a000 	C:\WINDOWS\System32\NSI.dll
0x00007ffb1bf90000 - 0x00007ffb1bf99000 	C:\Program Files\Android\Android Studio\jbr\bin\extnet.dll
0x00007ffb2d8d0000 - 0x00007ffb2d8eb000 	C:\WINDOWS\SYSTEM32\CRYPTSP.dll
0x00007ffb2cf20000 - 0x00007ffb2cf59000 	C:\WINDOWS\system32\rsaenh.dll
0x00007ffb2d630000 - 0x00007ffb2d664000 	C:\WINDOWS\SYSTEM32\USERENV.dll
0x00007ffb2e240000 - 0x00007ffb2e26a000 	C:\WINDOWS\SYSTEM32\bcrypt.dll
0x00007ffb2d8b0000 - 0x00007ffb2d8bc000 	C:\WINDOWS\SYSTEM32\CRYPTBASE.dll
0x00007ffafc4d0000 - 0x00007ffafc4d8000 	C:\WINDOWS\system32\wshunix.dll
0x00007ffaf2a20000 - 0x00007ffaf2a38000 	C:\WINDOWS\system32\napinsp.dll
0x00007ffb2c9b0000 - 0x00007ffb2cb08000 	C:\WINDOWS\SYSTEM32\DNSAPI.dll
0x00007ffb2d390000 - 0x00007ffb2d39d000 	C:\WINDOWS\SYSTEM32\DSPARSE.dll
0x00007ffaf3cc0000 - 0x00007ffaf3cd3000 	C:\WINDOWS\System32\winrnr.dll
0x00007ffaf2cc0000 - 0x00007ffaf2ce7000 	C:\WINDOWS\system32\nlansp_c.dll
0x00007ffb257b0000 - 0x00007ffb257c6000 	C:\WINDOWS\system32\wshbth.dll
0x0000000000e10000 - 0x0000000000e36000 	C:\Program Files\Bonjour\mdnsNSP.dll
0x00007ffb257a0000 - 0x00007ffb257ab000 	C:\Windows\System32\rasadhlp.dll
0x00007ffb1cd00000 - 0x00007ffb1cd86000 	C:\WINDOWS\System32\fwpuclnt.dll
0x00007ffb12c80000 - 0x00007ffb12c87000 	C:\Program Files\Android\Android Studio\jbr\bin\rmi.dll

JVMTI agents:
C:\Users\User\.gradle\wrapper\dists\gradle-9.6.0-bin\42k10rwplmzkhuboz9kdazi7s\gradle-9.6.0\lib\agents\gradle-instrumentation-agent-9.6.0.jar path:C:\Program Files\Android\Android Studio\jbr\bin\instrument.dll, loaded, initialized, instrumentlib options:none

dbghelp: loaded successfully - version: 4.0.5 - missing functions: none
symbol engine: initialized successfully - sym options: 0x614 - pdb path: .;C:\Program Files\Android\Android Studio\jbr\bin;C:\WINDOWS\SYSTEM32;C:\WINDOWS\WinSxS\amd64_microsoft.windows.common-controls_6595b64144ccf1df_6.0.26100.9549_none_3e0a0396e3330090;C:\Program Files\Android\Android Studio\jbr\bin\server;C:\Users\User\.gradle\native\660c5614fbf4a5f2a75b1949f50a0caf5cd603558e7d8a26e50b933a0cfb79d1\windows-amd64;C:\Users\User\.gradle\native\0.2.8\x86_64-windows-gnu;C:\Program Files\Bonjour

VM Arguments:
jvm_args: --add-opens=java.base/java.lang=ALL-UNNAMED --add-opens=java.base/java.lang.invoke=ALL-UNNAMED --add-opens=java.base/java.util=ALL-UNNAMED --add-opens=java.prefs/java.util.prefs=ALL-UNNAMED --add-exports=jdk.compiler/com.sun.tools.javac.api=ALL-UNNAMED --add-exports=jdk.compiler/com.sun.tools.javac.util=ALL-UNNAMED --add-opens=java.base/java.nio.charset=ALL-UNNAMED --add-opens=java.base/java.net=ALL-UNNAMED --add-opens=java.base/java.util.concurrent=ALL-UNNAMED --add-opens=java.base/java.util.concurrent.atomic=ALL-UNNAMED --add-opens=java.xml/javax.xml.namespace=ALL-UNNAMED --add-opens=java.base/java.time=ALL-UNNAMED --enable-native-access=ALL-UNNAMED -Xmx2048m -Dfile.encoding=UTF-8 -Duser.country=RU -Duser.language=ru -Duser.variant -javaagent:C:\Users\User\.gradle\wrapper\dists\gradle-9.6.0-bin\42k10rwplmzkhuboz9kdazi7s\gradle-9.6.0\lib\agents\gradle-instrumentation-agent-9.6.0.jar 
java_command: org.gradle.launcher.daemon.bootstrap.GradleDaemon 9.6.0
java_class_path (initial): C:\Users\User\.gradle\wrapper\dists\gradle-9.6.0-bin\42k10rwplmzkhuboz9kdazi7s\gradle-9.6.0\lib\gradle-daemon-main-9.6.0.jar
Launcher Type: SUN_STANDARD

[Global flags]
     intx CICompilerCount                          = 3                                         {product} {ergonomic}
     uint ConcGCThreads                            = 1                                         {product} {ergonomic}
     uint G1ConcRefinementThreads                  = 4                                         {product} {ergonomic}
   size_t G1HeapRegionSize                         = 1048576                                   {product} {ergonomic}
   size_t InitialHeapSize                          = 264241152                                 {product} {ergonomic}
   size_t MarkStackSize                            = 4194304                                   {product} {ergonomic}
   size_t MarkStackSizeMax                         = 536870912                                 {product} {ergonomic}
   size_t MaxHeapSize                              = 2147483648                                {product} {command line}
   size_t MaxNewSize                               = 1287651328                                {product} {ergonomic}
   size_t MinHeapDeltaBytes                        = 1048576                                   {product} {ergonomic}
   size_t MinHeapSize                              = 8388608                                   {product} {ergonomic}
    uintx NonNMethodCodeHeapSize                   = 5898240                                {pd product} {ergonomic}
    uintx NonProfiledCodeHeapSize                  = 122945536                              {pd product} {ergonomic}
    uintx ProfiledCodeHeapSize                     = 122945536                              {pd product} {ergonomic}
    uintx ReservedCodeCacheSize                    = 251789312                              {pd product} {ergonomic}
     bool SegmentedCodeCache                       = true                                      {product} {ergonomic}
   size_t SoftMaxHeapSize                          = 2147483648                             {manageable} {ergonomic}
     bool UseCompressedOops                        = true                           {product lp64_product} {ergonomic}
     bool UseG1GC                                  = true                                      {product} {ergonomic}
     bool UseLargePagesIndividualAllocation        = false                                  {pd product} {ergonomic}

Logging:
Log output configuration:
 #0: stdout all=warning uptime,level,tags foldmultilines=false
 #1: stderr all=off uptime,level,tags foldmultilines=false

Release file:
JAVA_VERSION="25.0.3" 
MODULES="java.base java.compiler java.datatransfer java.xml java.prefs java.desktop java.instrument java.logging java.management java.security.sasl java.naming java.rmi java.management.rmi java.net.http java.scripting java.security.jgss java.transaction.xa java.sql java.sql.rowset java.xml.crypto java.se java.smartcardio jdk.accessibility jdk.internal.jvmstat jdk.attach jdk.charsets jdk.internal.opt jdk.zipfs jdk.compiler jdk.crypto.cryptoki jdk.crypto.ec jdk.dynalink jdk.hotspot.agent jdk.httpserver jdk.internal.ed jdk.internal.le jdk.internal.md jdk.internal.vm.ci jdk.jartool jdk.javadoc jdk.jcmd jdk.jdeps jdk.jdwp.agent jdk.jdi jdk.jfr jdk.jlink jdk.localedata jdk.management jdk.management.agent jdk.management.jfr jdk.naming.dns jdk.naming.rmi jdk.net jdk.sctp jdk.security.auth jdk.security.jgss jdk.unsupported jdk.unsupported.desktop jdk.xml.dom" 
IMPLEMENTOR="JetBrains s.r.o." 
JAVA_RUNTIME_VERSION="25.0.3+-15898627-b508.16" 
LIBC="default" 
OS_ARCH="x86_64" 
OS_NAME="Windows" 
SOURCE=".:git:a8b1dba3234f" 

Environment Variables:
PATH=C:\Program Files (x86)\Common Files\Oracle\Java\java8path;C:\Program Files (x86)\Common Files\Oracle\Java\javapath;C:\WINDOWS\system32;C:\WINDOWS;C:\WINDOWS\System32\Wbem;C:\WINDOWS\System32\WindowsPowerShell\v1.0\;C:\WINDOWS\System32\OpenSSH\;C:\Program Files (x86)\dotnet\;C:\Program Files\dotnet\;C:\Program Files\Microsoft SQL Server\150\Tools\Binn\;C:\Program Files\Microsoft SQL Server\Client SDK\ODBC\170\Tools\Binn\;C:\Program Files (x86)\Incredibuild;C:\Program Files (x86)\Windows Kits\10\Windows Performance Toolkit\;C:\Program Files\nodejs\;C:\Users\User\AppData\Local\Microsoft\WindowsApps;C:\Users\User\AppData\Local\Programs\Microsoft VS Code\bin;C:\Users\User\.dotnet\tools;C:\msys64\mingw64\bin;C:\msys64\ucrt64\bin;C:\Users\User\AppData\Roaming\npm
USERNAME=User
OS=Windows_NT
PROCESSOR_IDENTIFIER=Intel64 Family 6 Model 140 Stepping 2, GenuineIntel
TMP=C:\Users\User\AppData\Local\Temp
TEMP=C:\Users\User\AppData\Local\Temp




Compilation memory statistics disabled.

Periodic native trim disabled

JNI global refs:
JNI global refs: 23, weak refs: 4

JNI global refs memory usage: 835, weak refs: 833

Process memory usage:
Resident Set Size: 609556K (3% of 16513572K total physical memory with 2422608K free physical memory)

OOME stack traces (most recent first):
Classloader memory used:
Loader org.gradle.internal.classloader.VisitableURLClassLoader                         : 40833 K
Loader org.gradle.internal.classloader.VisitableURLClassLoader$InstrumentingVisitableURLClassLoader: 36887 K
Loader bootstrap                                                                       : 29858 K
Loader org.gradle.initialization.MixInLegacyTypesClassLoader                           : 9432 K
Loader jdk.internal.loader.ClassLoaders$AppClassLoader                                 : 188 K
Loader jdk.internal.loader.ClassLoaders$PlatformClassLoader                            : 145 K
Loader sun.reflect.misc.MethodUtil                                                     : 2968 B

Classes loaded by more than one classloader:
Class com.google.common.collect.RegularImmutableMap$KeySet                            : loaded 2 times (x 154B)
Class com.google.common.base.Equivalence$Identity                                     : loaded 2 times (x 84B)
Class com.google.common.base.PairwiseEquivalence                                      : loaded 2 times (x 85B)
Class org.gradle.internal.classloader.FilteringClassLoader                            : loaded 2 times (x 106B)
Class org.gradle.internal.classloader.ClassLoaderHierarchy                            : loaded 2 times (x 72B)
Class com.google.common.collect.ImmutableEnumSet                                      : loaded 2 times (x 148B)
Class com.google.common.util.concurrent.ExecutionError                                : loaded 2 times (x 84B)
Class com.google.common.collect.ImmutableList$1                                       : loaded 2 times (x 99B)
Class com.google.common.collect.AbstractMapBasedMultimap$WrappedCollection            : loaded 2 times (x 126B)
Class com.google.common.collect.RegularImmutableMap                                   : loaded 2 times (x 122B)
Class com.google.common.collect.ImmutableMap$MapViewOfValuesAsSingletonSets           : loaded 2 times (x 128B)
Class com.google.common.reflect.TypeCapture                                           : loaded 2 times (x 73B)
Class com.google.common.collect.UnmodifiableListIterator                              : loaded 2 times (x 97B)
Class [Lcom.google.common.cache.CacheBuilder$OneWeigher;                              : loaded 2 times (x 71B)
Class com.google.common.base.Suppliers                                                : loaded 2 times (x 73B)
Class com.google.common.base.Platform$JdkPatternCompiler                              : loaded 2 times (x 77B)
Class org.gradle.internal.classloader.DefaultClassLoaderFactory                       : loaded 2 times (x 84B)
Class [Lcom.google.common.collect.AbstractIterator$State;                             : loaded 2 times (x 71B)
Class [Lcom.google.common.collect.ImmutableMapEntry;                                  : loaded 2 times (x 71B)
Class com.google.common.collect.ImmutableEnumMap                                      : loaded 2 times (x 128B)
Class com.google.common.collect.ListMultimap                                          : loaded 2 times (x 72B)
Class com.google.common.collect.Sets$1                                                : loaded 2 times (x 143B)
Class com.google.common.collect.ImmutableSet$SerializedForm                           : loaded 2 times (x 75B)
Class org.gradle.api.internal.DefaultClassPathProvider                                : loaded 2 times (x 78B)
Class com.google.common.collect.Maps$ViewCachingAbstractMap                           : loaded 2 times (x 127B)
Class [Lcom.google.common.base.Function;                                              : loaded 2 times (x 71B)
Class com.google.common.collect.Sets$2                                                : loaded 2 times (x 143B)
Class [Lorg.gradle.api.internal.ClassPathProvider;                                    : loaded 2 times (x 71B)
Class org.gradle.api.internal.ClassPathProvider                                       : loaded 2 times (x 72B)
Class com.google.common.reflect.Types$ClassOwnership$1                                : loaded 2 times (x 82B)
Class com.google.common.collect.Sets$3                                                : loaded 2 times (x 143B)
Class com.google.common.cache.LocalCache$LocalLoadingCache                            : loaded 2 times (x 136B)
Class org.gradle.internal.service.UnknownServiceException                             : loaded 2 times (x 85B)
Class com.google.common.reflect.Types$ClassOwnership$2                                : loaded 2 times (x 82B)
Class com.google.common.reflect.TypeResolver                                          : loaded 2 times (x 74B)
Class com.google.common.collect.Sets$4                                                : loaded 2 times (x 143B)
Class com.google.common.cache.LocalCache$Strength$1                                   : loaded 2 times (x 83B)
Class com.google.common.reflect.Types$ClassOwnership$3                                : loaded 2 times (x 73B)
Class com.google.common.collect.Collections2$FilteredCollection                       : loaded 2 times (x 121B)
Class com.google.common.cache.LocalCache$Strength$2                                   : loaded 2 times (x 83B)
Class com.google.common.collect.TransformedIterator                                   : loaded 2 times (x 82B)
Class [Lcom.google.common.collect.Maps$EntryFunction;                                 : loaded 2 times (x 71B)
Class com.google.common.cache.LocalCache$Strength$3                                   : loaded 2 times (x 83B)
Class com.google.common.collect.MapDifference                                         : loaded 2 times (x 72B)
Class com.google.common.reflect.Invokable                                             : loaded 2 times (x 105B)
Class com.google.common.cache.CacheBuilder$NullListener                               : loaded 2 times (x 84B)
Class org.gradle.internal.classpath.TransformedClassPath                              : loaded 2 times (x 98B)
Class org.gradle.internal.classloader.InstrumentingClassLoader                        : loaded 2 times (x 72B)
Class com.google.common.reflect.Types$ParameterizedTypeImpl                           : loaded 2 times (x 83B)
Class com.google.common.collect.Maps$IteratorBasedAbstractMap$1                       : loaded 2 times (x 140B)
Class com.google.common.cache.CacheLoader$FunctionToCacheLoader                       : loaded 2 times (x 77B)
Class com.google.common.collect.Iterators$ArrayItr                                    : loaded 2 times (x 99B)
Class com.google.common.collect.ImmutableCollection$Builder                           : loaded 2 times (x 78B)
Class com.google.common.reflect.TypeResolver$TypeVariableKey                          : loaded 2 times (x 74B)
Class com.google.common.base.MoreObjects                                              : loaded 2 times (x 73B)
Class com.google.common.base.Joiner                                                   : loaded 2 times (x 82B)
Class com.google.common.collect.Platform                                              : loaded 2 times (x 73B)
Class com.google.common.collect.UnmodifiableIterator                                  : loaded 2 times (x 82B)
Class org.gradle.internal.service.ServiceLocator                                      : loaded 2 times (x 72B)
Class com.google.common.collect.SingletonImmutableBiMap                               : loaded 2 times (x 145B)
Class com.google.common.cache.LocalCache$1                                            : loaded 2 times (x 91B)
Class com.google.common.collect.Iterators$SingletonIterator                           : loaded 2 times (x 83B)
Class com.google.common.collect.AbstractMapEntry                                      : loaded 2 times (x 83B)
Class com.google.common.reflect.TypeToken$SimpleTypeToken                             : loaded 2 times (x 75B)
Class com.google.common.collect.Sets$ImprovedAbstractSet                              : loaded 2 times (x 137B)
Class com.google.common.collect.ImmutableList$Builder                                 : loaded 2 times (x 79B)
Class com.google.common.cache.LocalCache$2                                            : loaded 2 times (x 144B)
Class com.google.common.collect.AbstractMultimap                                      : loaded 2 times (x 125B)
Class com.google.common.collect.RegularImmutableAsList                                : loaded 2 times (x 219B)
Class com.google.common.base.Optional                                                 : loaded 2 times (x 82B)
Class com.google.common.util.concurrent.AbstractFuture$Trusted                        : loaded 2 times (x 72B)
Class com.google.common.collect.Iterators                                             : loaded 2 times (x 73B)
Class com.google.common.util.concurrent.UncheckedExecutionException                   : loaded 2 times (x 84B)
Class com.google.common.collect.Lists$StringAsImmutableList                           : loaded 2 times (x 209B)
Class com.google.common.cache.CacheLoader$UnsupportedLoadingOperationException        : loaded 2 times (x 84B)
Class com.google.common.collect.FluentIterable$1                                      : loaded 2 times (x 83B)
Class com.google.common.base.Objects                                                  : loaded 2 times (x 73B)
Class com.google.common.collect.IndexedImmutableSet                                   : loaded 2 times (x 154B)
Class com.google.common.collect.ImmutableMap$1                                        : loaded 2 times (x 83B)
Class com.google.common.collect.BiMap                                                 : loaded 2 times (x 72B)
Class org.gradle.api.internal.classpath.DefaultModuleRegistry$DefaultModule           : loaded 2 times (x 84B)
Class com.google.common.reflect.Reflection                                            : loaded 2 times (x 73B)
Class com.google.common.collect.FluentIterable$2                                      : loaded 2 times (x 83B)
Class com.google.common.base.Absent                                                   : loaded 2 times (x 82B)
Class com.google.common.primitives.Ints                                               : loaded 2 times (x 73B)
Class com.google.common.collect.AbstractIterator                                      : loaded 2 times (x 84B)
Class com.google.common.collect.FluentIterable$3                                      : loaded 2 times (x 83B)
Class com.google.common.collect.ObjectArrays                                          : loaded 2 times (x 73B)
Class com.google.common.math.MathPreconditions                                        : loaded 2 times (x 73B)
Class com.google.common.collect.AbstractIndexedListIterator                           : loaded 2 times (x 98B)
Class com.google.common.collect.ArrayListMultimapGwtSerializationDependencies         : loaded 2 times (x 173B)
Class com.google.common.collect.Multiset                                              : loaded 2 times (x 72B)
Class com.google.common.collect.ImmutableMapEntrySet                                  : loaded 2 times (x 154B)
Class org.gradle.api.internal.classpath.Module                                        : loaded 2 times (x 72B)
Class com.google.common.cache.Weigher                                                 : loaded 2 times (x 72B)
Class org.gradle.api.internal.classpath.UnknownModuleException                        : loaded 2 times (x 84B)
Class com.google.common.cache.LocalCache$Strength                                     : loaded 2 times (x 83B)
Class com.google.common.cache.Cache                                                   : loaded 2 times (x 72B)
Class com.google.common.collect.ImmutableMap$Builder                                  : loaded 2 times (x 84B)
Class com.google.common.base.NullnessCasts                                            : loaded 2 times (x 73B)
Class com.google.common.util.concurrent.AbstractFuture$Cancellation                   : loaded 2 times (x 74B)
Class com.google.common.collect.Maps$EntryFunction$1                                  : loaded 2 times (x 93B)
Class com.google.common.base.Present                                                  : loaded 2 times (x 83B)
Class com.google.common.cache.RemovalListener                                         : loaded 2 times (x 72B)
Class org.gradle.api.internal.DefaultClassPathRegistry                                : loaded 2 times (x 78B)
Class com.google.common.reflect.Invokable$ConstructorInvokable                        : loaded 2 times (x 109B)
Class com.google.common.collect.Maps$EntryFunction$2                                  : loaded 2 times (x 93B)
Class com.google.common.primitives.IntsMethodsForWeb                                  : loaded 2 times (x 73B)
Class com.google.common.collect.Multimap                                              : loaded 2 times (x 72B)
Class org.gradle.internal.classpath.DefaultClassPath$ImmutableUniqueList              : loaded 2 times (x 201B)
Class org.gradle.api.internal.ClassPathRegistry                                       : loaded 2 times (x 72B)
Class com.google.common.reflect.TypeToken                                             : loaded 2 times (x 75B)
Class com.google.common.base.ExtraObjectsMethodsForWeb                                : loaded 2 times (x 73B)
Class com.google.common.cache.CacheBuilder                                            : loaded 2 times (x 74B)
Class com.google.common.collect.SingletonImmutableList                                : loaded 2 times (x 209B)
Class org.gradle.internal.classpath.ClassPath                                         : loaded 2 times (x 72B)
Class [Lcom.google.common.reflect.Types$JavaVersion;                                  : loaded 2 times (x 71B)
Class com.google.common.collect.ImmutableList$ReverseImmutableList                    : loaded 2 times (x 211B)
Class com.google.common.base.JdkPattern                                               : loaded 2 times (x 77B)
Class org.gradle.api.internal.classpath.DefaultModuleRegistry$DefaultModuleAlias      : loaded 2 times (x 82B)
Class com.google.common.base.Suppliers$SupplierOfInstance                             : loaded 2 times (x 81B)
Class com.google.common.collect.Iterators$1                                           : loaded 2 times (x 83B)
Class com.google.common.reflect.TypeToken$1                                           : loaded 2 times (x 112B)
Class com.google.common.cache.LocalCache$ComputingValueReference                      : loaded 2 times (x 98B)
Class com.google.common.collect.ImmutableMap$IteratorBasedImmutableMap                : loaded 2 times (x 128B)
Class com.google.common.collect.SingletonImmutableSet                                 : loaded 2 times (x 148B)
Class com.google.common.reflect.TypeToken$2                                           : loaded 2 times (x 112B)
Class com.google.common.cache.LocalCache$Segment                                      : loaded 2 times (x 155B)
Class com.google.common.collect.ImmutableBiMap                                        : loaded 2 times (x 145B)
Class com.google.common.cache.CacheLoader                                             : loaded 2 times (x 76B)
Class com.google.common.collect.Iterators$4                                           : loaded 2 times (x 84B)
Class com.google.common.collect.AbstractListMultimap                                  : loaded 2 times (x 173B)
Class org.gradle.api.internal.classpath.ModuleRegistry                                : loaded 2 times (x 72B)
Class org.gradle.internal.installation.GradleInstallation$1                           : loaded 2 times (x 77B)
Class com.google.common.util.concurrent.internal.InternalFutureFailureAccess          : loaded 2 times (x 74B)
Class com.google.common.collect.ImmutableSet$JdkBackedSetBuilderImpl                  : loaded 2 times (x 78B)
Class com.google.common.collect.Iterators$5                                           : loaded 2 times (x 84B)
Class com.google.common.collect.Iterators$6                                           : loaded 2 times (x 83B)
Class com.google.common.cache.LocalCache$LocalManualCache$1                           : loaded 2 times (x 77B)
Class com.google.common.collect.ImmutableCollection                                   : loaded 2 times (x 127B)
Class org.gradle.api.internal.classpath.DefaultModuleRegistry                         : loaded 2 times (x 86B)
Class com.google.common.util.concurrent.ListenableFuture                              : loaded 2 times (x 72B)
Class com.google.common.cache.ReferenceEntry                                          : loaded 2 times (x 72B)
Class com.google.common.collect.Lists                                                 : loaded 2 times (x 73B)
Class com.google.common.base.Converter                                                : loaded 2 times (x 92B)
Class com.google.common.collect.ImmutableSet$CachingAsList                            : loaded 2 times (x 150B)
Class com.google.common.util.concurrent.AbstractFuture                                : loaded 2 times (x 108B)
Class com.google.common.base.FunctionalEquivalence                                    : loaded 2 times (x 85B)
Class com.google.common.collect.Iterators$9                                           : loaded 2 times (x 83B)
Class com.google.common.collect.AbstractMapBasedMultimap                              : loaded 2 times (x 140B)
Class com.google.common.collect.ImmutableAsList                                       : loaded 2 times (x 211B)
Class com.google.common.reflect.TypeResolver$TypeTable                                : loaded 2 times (x 75B)
Class com.google.common.cache.CacheLoader$SupplierToCacheLoader                       : loaded 2 times (x 77B)
Class com.google.common.reflect.TypeResolver$TypeTable$1                              : loaded 2 times (x 75B)
Class com.google.common.collect.Maps$EntryTransformer                                 : loaded 2 times (x 72B)
Class org.gradle.internal.service.ServiceLookupException                              : loaded 2 times (x 84B)
Class [Lcom.google.common.cache.LocalCache$EntryFactory;                              : loaded 2 times (x 71B)
Class org.gradle.internal.classloader.ClassLoaderFactory                              : loaded 2 times (x 72B)
Class com.google.common.cache.LocalCache$LocalManualCache                             : loaded 2 times (x 101B)
Class com.google.common.base.CommonPattern                                            : loaded 2 times (x 76B)
Class org.gradle.internal.service.CachingServiceLocator                               : loaded 2 times (x 84B)
Class com.google.common.math.IntMath                                                  : loaded 2 times (x 73B)
Class com.google.common.reflect.Types$TypeVariableInvocationHandler                   : loaded 2 times (x 77B)
Class com.google.common.collect.ImmutableMapEntry                                     : loaded 2 times (x 87B)
Class com.google.common.base.Predicates                                               : loaded 2 times (x 73B)
Class com.google.common.collect.ImmutableMapEntry$NonTerminalImmutableMapEntry        : loaded 2 times (x 87B)
Class com.google.common.base.Equivalence                                              : loaded 2 times (x 84B)
Class com.google.common.base.Function                                                 : loaded 2 times (x 72B)
Class com.google.common.cache.CacheBuilder$OneWeigher                                 : loaded 2 times (x 84B)
Class com.google.common.collect.RegularImmutableList                                  : loaded 2 times (x 215B)
Class com.google.common.reflect.Types$ClassOwnership$1LocalClass                      : loaded 2 times (x 73B)
Class com.google.common.collect.Maps$EntryFunction                                    : loaded 2 times (x 93B)
Class org.gradle.internal.classloader.ClasspathUtil                                   : loaded 2 times (x 73B)
Class com.google.common.util.concurrent.LazyLogger                                    : loaded 2 times (x 74B)
Class com.google.common.collect.Maps                                                  : loaded 2 times (x 73B)
Class org.gradle.api.specs.Spec                                                       : loaded 2 times (x 72B)
Class com.google.common.reflect.Types$JavaVersion                                     : loaded 2 times (x 85B)
Class [Lcom.google.common.collect.ImmutableEntry;                                     : loaded 2 times (x 71B)
Class com.google.common.collect.Sets$3$1                                              : loaded 2 times (x 84B)
Class com.google.common.cache.LocalCache$LoadingValueReference                        : loaded 2 times (x 98B)
Class com.google.common.reflect.Invokable$MethodInvokable                             : loaded 2 times (x 109B)
Class com.google.common.base.Platform                                                 : loaded 2 times (x 73B)
Class com.google.common.collect.Maps$8                                                : loaded 2 times (x 84B)
Class com.google.common.base.Predicates$CompositionPredicate                          : loaded 2 times (x 90B)
Class com.google.common.collect.Sets$SetView                                          : loaded 2 times (x 141B)
Class org.gradle.internal.classloader.VisitableURLClassLoader$InstrumentingVisitableURLClassLoader: loaded 2 times (x 124B)
Class [Lcom.google.common.cache.CacheBuilder$NullListener;                            : loaded 2 times (x 71B)
Class com.google.common.math.IntMath$1                                                : loaded 2 times (x 73B)
Class org.gradle.internal.classloader.VisitableURLClassLoader$Spec                    : loaded 2 times (x 76B)
Class org.gradle.internal.classpath.DefaultClassPath                                  : loaded 2 times (x 92B)
Class com.google.common.reflect.Types$ClassOwnership                                  : loaded 2 times (x 82B)
Class com.google.common.collect.Sets$FilteredSet                                      : loaded 2 times (x 139B)
Class com.google.common.collect.RegularImmutableMap$Values                            : loaded 2 times (x 209B)
Class com.google.common.io.Closer                                                     : loaded 2 times (x 80B)
Class com.google.common.collect.ImmutableSet                                          : loaded 2 times (x 147B)
Class org.gradle.internal.classloader.ClassLoaderSpec                                 : loaded 2 times (x 73B)
Class com.google.common.cache.CacheStats                                              : loaded 2 times (x 73B)
Class com.google.common.util.concurrent.AbstractFuture$Listener                       : loaded 2 times (x 74B)
Class com.google.common.io.Closer$Suppressor                                          : loaded 2 times (x 72B)
Class org.gradle.api.internal.classpath.Module$ModuleAlias                            : loaded 2 times (x 72B)
Class com.google.common.base.Supplier                                                 : loaded 2 times (x 72B)
Class org.gradle.internal.classloader.VisitableURLClassLoader                         : loaded 2 times (x 118B)
Class com.google.common.collect.ImmutableList$SerializedForm                          : loaded 2 times (x 75B)
Class org.gradle.internal.Cast                                                        : loaded 2 times (x 73B)
Class org.gradle.api.Action                                                           : loaded 2 times (x 72B)
Class com.google.common.collect.Sets                                                  : loaded 2 times (x 73B)
Class com.google.common.base.Ticker                                                   : loaded 2 times (x 74B)
Class com.google.common.base.Strings                                                  : loaded 2 times (x 73B)
Class [Lcom.google.common.cache.LocalCache$Segment;                                   : loaded 2 times (x 71B)
Class com.google.common.base.Predicate                                                : loaded 2 times (x 72B)
Class [Lcom.google.common.cache.LocalCache$Strength;                                  : loaded 2 times (x 71B)
Class com.google.common.cache.CacheBuilder$1                                          : loaded 2 times (x 87B)
Class com.google.common.collect.ImmutableMap                                          : loaded 2 times (x 122B)
Class org.gradle.internal.classpath.DefaultClassPath$ImmutableUniqueList$Builder      : loaded 2 times (x 77B)
Class com.google.common.cache.LocalCache                                              : loaded 2 times (x 188B)
Class com.google.common.cache.CacheBuilder$2                                          : loaded 2 times (x 81B)
Class [Lcom.google.common.collect.AbstractMapEntry;                                   : loaded 2 times (x 71B)
Class com.google.common.collect.ImmutableEntry                                        : loaded 2 times (x 84B)
Class com.google.common.cache.CacheBuilder$3                                          : loaded 2 times (x 74B)
Class com.google.common.collect.ArrayListMultimap                                     : loaded 2 times (x 173B)
Class org.gradle.api.GradleException                                                  : loaded 2 times (x 84B)
Class com.google.common.base.Suppliers$MemoizingSupplier                              : loaded 2 times (x 81B)
Class com.google.common.collect.CollectPreconditions                                  : loaded 2 times (x 73B)
Class com.google.common.collect.Maps$AbstractFilteredMap                              : loaded 2 times (x 129B)
Class com.google.common.collect.SortedMapDifference                                   : loaded 2 times (x 72B)
Class com.google.common.cache.LocalCache$EntryFactory                                 : loaded 2 times (x 85B)
Class com.google.common.reflect.Types$NativeTypeVariableEquals                        : loaded 2 times (x 73B)
Class com.google.common.reflect.TypeParameter                                         : loaded 2 times (x 74B)
Class com.google.common.collect.Iterables$5                                           : loaded 2 times (x 83B)
Class org.gradle.internal.IoActions                                                   : loaded 2 times (x 73B)
Class com.google.common.cache.CacheLoader$InvalidCacheLoadException                   : loaded 2 times (x 84B)
Class com.google.common.collect.ImmutableSet$RegularSetBuilderImpl                    : loaded 2 times (x 78B)
Class com.google.common.collect.FluentIterable                                        : loaded 2 times (x 83B)
Class com.google.common.cache.LoadingCache                                            : loaded 2 times (x 72B)
Class com.google.common.collect.RegularImmutableMap$BucketOverflowException           : loaded 2 times (x 84B)
Class com.google.common.base.Suppliers$NonSerializableMemoizingSupplier               : loaded 2 times (x 81B)
Class [Lcom.google.common.cache.Weigher;                                              : loaded 2 times (x 71B)
Class com.google.common.reflect.Types$JavaVersion$1                                   : loaded 2 times (x 85B)
Class com.google.common.collect.AbstractIterator$State                                : loaded 2 times (x 81B)
Class com.google.common.collect.RegularImmutableBiMap                                 : loaded 2 times (x 150B)
Class com.google.common.cache.LocalCache$ValueReference                               : loaded 2 times (x 72B)
Class com.google.common.reflect.Types$JavaVersion$2                                   : loaded 2 times (x 85B)
Class com.google.common.reflect.Types                                                 : loaded 2 times (x 73B)
Class com.google.common.util.concurrent.AbstractFuture$Failure                        : loaded 2 times (x 74B)
Class com.google.common.hash.PrimitiveSink                                            : loaded 2 times (x 72B)
Class com.google.common.base.Equivalence$Equals                                       : loaded 2 times (x 84B)
Class com.google.common.collect.Hashing                                               : loaded 2 times (x 73B)
Class com.google.common.base.PatternCompiler                                          : loaded 2 times (x 72B)
Class com.google.common.base.Preconditions                                            : loaded 2 times (x 73B)
Class com.google.common.reflect.Types$JavaVersion$3                                   : loaded 2 times (x 85B)
Class com.google.common.base.Joiner$1                                                 : loaded 2 times (x 83B)
Class com.google.common.collect.PeekingIterator                                       : loaded 2 times (x 72B)
Class com.google.common.reflect.Types$JavaVersion$4                                   : loaded 2 times (x 85B)
Class com.google.common.collect.Maps$IteratorBasedAbstractMap                         : loaded 2 times (x 127B)
Class com.google.common.cache.LocalCache$EntryFactory$1                               : loaded 2 times (x 85B)
Class [Lcom.google.common.cache.RemovalListener;                                      : loaded 2 times (x 71B)
Class com.google.common.base.Joiner$2                                                 : loaded 2 times (x 82B)
Class com.google.common.reflect.Types$JavaVersion$5                                   : loaded 2 times (x 73B)
Class [Lcom.google.common.reflect.Types$ClassOwnership;                               : loaded 2 times (x 71B)
Class com.google.common.cache.LocalCache$EntryFactory$2                               : loaded 2 times (x 85B)
Class com.google.common.collect.ImmutableMapEntrySet$RegularEntrySet                  : loaded 2 times (x 154B)
Class com.google.common.cache.LocalCache$EntryFactory$3                               : loaded 2 times (x 85B)
Class com.google.common.base.Ticker$1                                                 : loaded 2 times (x 74B)
Class com.google.common.collect.Maps$BiMapConverter                                   : loaded 2 times (x 92B)
Class com.google.common.cache.LocalCache$EntryFactory$4                               : loaded 2 times (x 85B)
Class com.google.common.collect.ImmutableSet$Builder                                  : loaded 2 times (x 87B)
Class com.google.common.cache.LocalCache$EntryFactory$5                               : loaded 2 times (x 85B)
Class com.google.common.cache.LocalCache$EntryFactory$6                               : loaded 2 times (x 85B)
Class org.gradle.internal.installation.CurrentGradleInstallationLocator               : loaded 2 times (x 73B)
Class com.google.common.collect.ImmutableSet$EmptySetBuilderImpl                      : loaded 2 times (x 78B)
Class com.google.common.cache.LocalCache$EntryFactory$7                               : loaded 2 times (x 85B)
Class com.google.common.collect.ImmutableList                                         : loaded 2 times (x 208B)
Class org.gradle.internal.service.DefaultServiceLocator                               : loaded 2 times (x 85B)
Class com.google.common.collect.Maps$EntrySet                                         : loaded 2 times (x 138B)
Class com.google.common.cache.LocalCache$EntryFactory$8                               : loaded 2 times (x 85B)
Class com.google.common.collect.ImmutableSet$SetBuilderImpl                           : loaded 2 times (x 78B)
Class org.gradle.internal.installation.CurrentGradleInstallation                      : loaded 2 times (x 75B)
Class com.google.common.cache.CacheLoader$1                                           : loaded 2 times (x 77B)
Class com.google.common.collect.ImmutableList$SubList                                 : loaded 2 times (x 211B)
Class com.google.common.collect.ForwardingObject                                      : loaded 2 times (x 74B)
Class org.gradle.util.internal.GUtil                                                  : loaded 2 times (x 73B)
Class com.google.common.cache.AbstractCache$StatsCounter                              : loaded 2 times (x 72B)
Class com.google.common.reflect.Types$TypeVariableImpl                                : loaded 2 times (x 74B)
Class com.google.common.collect.Iterators$MergingIterator                             : loaded 2 times (x 83B)
Class com.google.common.collect.RegularImmutableSet                                   : loaded 2 times (x 150B)
Class org.gradle.internal.installation.GradleInstallation                             : loaded 2 times (x 77B)
Class com.google.common.collect.Iterables                                             : loaded 2 times (x 73B)

---------------  S Y S T E M  ---------------

OS:
 Windows 11 , 64 bit Build 26100 (10.0.26100.9549)
OS uptime: 0 days 2:22 hours
Hyper-V role detected

CPU: total 4 (initial active 4) (2 cores per cpu, 2 threads per core) family 6 model 140 stepping 2 microcode 0x22, cx8, cmov, fxsr, ht, mmx, 3dnowpref, sse, sse2, sse3, ssse3, sse4.1, sse4.2, popcnt, lzcnt, tsc, tscinvbit, avx, avx2, aes, erms, clmul, bmi1, bmi2, adx, avx512f, avx512dq, avx512cd, avx512bw, avx512vl, sha, fma, vzeroupper, avx512_vpopcntdq, avx512_vpclmulqdq, avx512_vaes, avx512_vnni, clflush, clflushopt, clwb, avx512_vbmi2, avx512_vbmi, hv, rdtscp, rdpid, fsrm, gfni, avx512_bitalg, f16c, cet_ibt, cet_ss, avx512_ifma
Processor Information for the first 4 processors :
  Max Mhz: 2995, Current Mhz: 2995, Mhz Limit: 2995

Memory: 4k page, system-wide physical 16126M (2365M free)
TotalPageFile size 16126M (AvailPageFile size 6M)
current process WorkingSet (physical memory assigned to process): 595M, peak: 610M
current process commit charge ("private bytes"): 624M, peak: 649M

vm_info: OpenJDK 64-Bit Server VM (25.0.3+-15898627-b508.16) for windows-amd64 JRE (25.0.3+-15898627-b508.16), built on 2026-07-20T17:54:23Z with MS VC++ 16.10 / 16.11 (VS2019)

END.
